tree
version=v4
num_class=1
num_tree_per_iteration=1
label_index=0
max_feature_idx=28
objective=lambdarank
feature_names=text_score bm25_score fusion_score_norm n_channels distance_meters spatial_decay log_distance is_open closes_in_minutes opens_in_minutes hour_of_day is_weekend category_time_match context_score rating has_rating review_count log_review_count popularity_score price_level trending_score recency_score pop_w15 pop_w1h pop_w24h region_ctr in_graph category_affinity vector_score
feature_infos=[0:1] [0.88730573999999995:50.765419999999999] [0.13211400000000001:1] [1:5] [22.909208970000002:9997.9718437200008] [0.0012743556986606517:0.98484323182917988] [3.1742636972759479:9.2102375510622938] [0:1] [13:643] [14:975] [14:20] none [0:1] [0.112:1] [4.5:4.5] [0:1] [2:2] [1.0986122886681096:1.0986122886681096] [0:0.96999999999999997] none [0:0.5] [0:1] [0:13] [0:20] [0:31] none none [0:0.20000000000000001] [0.375:0.97245556]
tree_sizes=890 895 889 893 891 892 900 894 899 890 890 883 894 901 906 898 894 891 899 894 879 904 892 890 896 888 900 895 889 894 888 899 897 888 896 893 905 892 888 892 897 897 900 894 893 895 893 889 894 901 896 888 897 889 897 898 904 896 894 895 891 892 899 890 899 894 897 908 895 898 887 889 898 894 881 893 900 897 897 904 899 899 895 893 895 899 893 891 894 895 900 893 901 892 892 888 880 900 898 890 896 884 898 896 895 888 902 893 898 893 890 894 893 894 900 887 891 894 897 869 892 895 886 899 892 889 889 896 911 885 897 687 890 902 901 895 896 899 876 892 896 887 895 898 897 895 899 900 884 891 892 896 891 899 891 896 893 788 898 904 878 891 900 889 891 694 886 881 900 688 894 889 891 894 898 895 898 889 893 885 895 876 895 880 885 893 897 884 888 901 891 894 896 890 898 892 897 878 900 885

Tree=0
num_leaves=7
num_cat=0
split_feature=2 21 0 0 2 24
split_gain=114.924 65.2668 57.0309 36.6151 15.4283 11.1872
threshold=0.8509365000000001 1.0000000180025095e-35 0.21151850000000003 0.87249350000000014 0.92975050000000004 1.5000000000000002
decision_type=2 2 2 2 2 2
left_child=1 3 -3 -1 5 -2
right_child=4 2 -4 -5 -6 -7
leaf_value=-0.054206835215348276 -0.0048639480441484166 -0.048666107845940124 0.021033940060645871 0.0068827441645836936 0.047715116462063986 0.043940916637230043
leaf_weight=116.60434846873977 31.697216587373987 37.496712586435024 122.57344423103496 30.727798362844624 96.408949199831113 17.49158237274969
leaf_count=3530 586 999 1881 713 1027 172
internal_value=-0.000285143 -0.0176096 0.00450581 -0.0415054 0.0361628 0.0130208
internal_weight=453 307.402 160.07 147.332 145.598 49.1888
internal_count=8908 7123 2880 4243 1785 758
is_linear=0
shrinkage=0.05


Tree=1
num_leaves=7
num_cat=0
split_feature=2 21 0 21 28 1
split_gain=208.538 133.343 78.2373 53.8889 27.4039 23.1716
threshold=0.43218850000000003 0.20710700000000001 0.55168200000000012 0.93095200000000011 0.55662780000000012 12.380378500000001
decision_type=2 2 2 2 8 10
left_child=3 2 -2 5 -3 -1
right_child=1 4 -4 -5 -6 -7
leaf_value=-0.065353938981349238 -0.035268082965944123 -0.01768671663954835 0.002807117594332777 0.029539807432903804 0.030085034971992781 -0.026854930218427137
leaf_weight=133.54597106494475 167.77718203689437 31.316372831584886 671.92068814462982 20.885084695182741 496.17110737040639 58.038213509134948
leaf_count=1705 1534 184 3324 96 1422 580
internal_value=0.00037343 0.00754456 -0.00483346 -0.0455901 0.0272208 -0.0538911
internal_weight=1579.65 1367.19 839.698 212.469 527.487 191.584
internal_count=8845 6464 4858 2381 1606 2285
is_linear=0
shrinkage=0.05


Tree=2
num_leaves=7
num_cat=0
split_feature=2 4 10 27 18 0
split_gain=123.964 53.3991 54.563 37.783 50.2782 26.835
threshold=0.54358250000000019 1354.6903298900004 17.500000000000004 0.032797220792588788 0.68500000000000016 0.62128700000000003
decision_type=2 2 2 2 2 2
left_child=3 5 -3 4 -1 -2
right_child=1 2 -4 -5 -6 -7
leaf_value=-0.026650717080937903 0.0042440513523008599 0.028128117482733125 -0.02183009861891581 -0.061072901800855089 0.030087674355551777 0.022074229142288702
leaf_weight=244.44412228581496 356.6127164689824 71.219517778605223 224.35307399556041 60.049607344801188 45.56791833229363 517.92772809928283
leaf_count=2375 1679 434 1073 1273 240 1799
internal_value=0.000799354 0.0086111 -0.00973819 -0.0252623 -0.017663 0.0148167
internal_weight=1520.17 1170.11 295.573 350.062 290.012 874.54
internal_count=8873 4985 1507 3888 2615 3478
is_linear=0
shrinkage=0.05


Tree=3
num_leaves=7
num_cat=0
split_feature=2 21 0 10 24 1
split_gain=91.0997 76.7954 81.7638 30.422 28.4573 21.8205
threshold=0.41841700000000004 0.042262000000000008 0.98880600000000007 17.500000000000004 1.5000000000000002 11.713729500000001
decision_type=2 2 2 2 2 10
left_child=3 2 -2 -1 -5 -3
right_child=1 5 -4 4 -6 -7
leaf_value=-0.075103597903242461 -0.018977117924277323 0.0066656439874788675 0.023214846542613733 -0.051685715070604259 0.0017543297472734554 0.024135140083474688
leaf_weight=37.534314796328545 436.81461268477142 324.03419227525592 154.71332392003387 44.39529626397416 55.06759362667799 400.50590834813192
leaf_count=1044 3548 1363 671 816 397 1049
internal_value=0.00139015 0.00543887 -0.00792131 -0.0372616 -0.0223757 0.0163423
internal_weight=1453.07 1316.07 591.528 136.997 99.4629 724.54
internal_count=8888 6631 4219 2257 1213 2412
is_linear=0
shrinkage=0.05


Tree=4
num_leaves=7
num_cat=0
split_feature=1 21 4 21 0 13
split_gain=64.0778 66.2778 65.8502 59.8621 32.0123 27.442
threshold=11.713729500000001 0.43804800000000005 597.22100913000008 0.83095200000000002 0.27765500000000004 0.46200000000000002
decision_type=10 2 2 2 2 2
left_child=1 4 -2 -4 -1 -3
right_child=2 5 3 -5 -6 -7
leaf_value=-0.056160385408521446 0.030531451113880843 -0.085481057827721432 -0.0052160036125264092 0.045551689073100504 -0.018836145132475321 0.010739932572439798
leaf_weight=76.334532958455384 247.76463953685015 6.6778412871062747 555.87502414477058 63.82460124604404 231.29495517397299 216.46433875244111
leaf_count=1272 831 79 3365 113 2225 923
internal_value=0.000431605 -0.0132377 0.008801 7.76671e-05 -0.0282497 0.00749186
internal_weight=1398.24 530.772 867.464 619.7 307.629 223.142
internal_count=8808 4499 4309 3478 3497 1002
is_linear=0
shrinkage=0.05


Tree=5
num_leaves=7
num_cat=0
split_feature=2 21 2 21 0 4
split_gain=72.4014 35.8266 42.7056 33.291 33.3678 33.2309
threshold=0.53683250000000016 0.042262000000000008 0.91219700000000015 0.38408850000000005 0.35054600000000008 2859.0748789000004
decision_type=2 2 2 2 2 2
left_child=3 2 -2 4 -1 -3
right_child=1 5 -4 -5 -6 -7
leaf_value=-0.065975094400931356 -0.016134618967165313 0.016575069747279673 0.013918200239440355 0.0021650723728044974 -0.020137051172679273 -0.05798320995543909
leaf_weight=56.28245744574815 284.59763062512502 572.01760565675795 200.73466658964753 95.538340338971466 134.34122355934232 14.38563729636371
leaf_count=1236 2611 1725 679 677 1863 75
internal_value=0.000375228 0.00634404 -0.00370164 -0.0219234 -0.0339446 0.0146504
internal_weight=1357.9 1071.74 485.332 286.162 190.624 586.403
internal_count=8866 5090 3290 3776 3099 1800
is_linear=0
shrinkage=0.05


Tree=6
num_leaves=7
num_cat=0
split_feature=2 21 21 0 1 5
split_gain=68.8395 39.9906 33.1324 45.6216 32.1955 22.3427
threshold=0.48478050000000006 1.0000000180025095e-35 0.042262000000000008 0.52632200000000007 6.5437931500000008 0.26144994539011696
decision_type=2 2 2 2 10 2
left_child=1 -1 3 -2 -3 -4
right_child=2 4 5 -5 -6 -7
leaf_value=-0.056145886358252156 -0.041555507623080495 -0.042562734948801834 -0.013069047954922168 0.0029180840648299383 0.0091101865251964169 0.017399752848320991
leaf_weight=67.492498699575663 65.416701346635818 45.247657381929457 66.500856226310134 436.82193493423983 85.818319206126034 571.81131822708994
leaf_count=1683 940 815 292 2790 629 1743
internal_value=0.00192459 -0.0251709 0.00665956 -0.00294568 -0.00891597 0.01421
internal_weight=1339.11 198.558 1140.55 502.239 131.066 638.312
internal_count=8892 3127 5765 3730 1444 2035
is_linear=0
shrinkage=0.05


Tree=7
num_leaves=7
num_cat=0
split_feature=2 21 2 1 4 4
split_gain=62.0583 42.6315 45.9405 21.9257 20.4212 28.1486
threshold=0.41841700000000004 0.072078000000000017 0.79424800000000018 7.418904050000001 1017.3168155850001 417.52840498500007
decision_type=2 2 2 10 2 2
left_child=4 2 -2 -3 5 -1
right_child=1 3 -4 -5 -6 -7
leaf_value=-0.079125962337373568 -0.026187673680206542 -0.0064152949689891287 0.00411921496652198 0.015475643059756079 -0.060425329445069523 0.00039667986120923835
leaf_weight=13.297022548504172 212.37295149592683 145.71756203379482 301.49830799130723 522.980079411529 48.733096277341247 50.158518014010042
leaf_count=373 2753 757 1565 1572 1185 709
internal_value=-0.000995637 0.0023877 -0.00843257 0.0107029 -0.0363651 -0.0172363
internal_weight=1294.76 1182.57 513.871 668.698 112.189 63.4555
internal_count=8914 6647 4318 2329 2267 1082
is_linear=0
shrinkage=0.05


Tree=8
num_leaves=7
num_cat=0
split_feature=0 28 20 2 13 21
split_gain=56.0615 31.4791 31.1747 46.5169 21.7334 9.98354
threshold=0.19920550000000004 0.71491630000000017 0.08033826638477802 0.8509365000000001 0.64600000000000002 0.076197500000000015
decision_type=2 8 2 2 2 2
left_child=1 5 3 -2 -4 -1
right_child=2 -3 4 -5 -6 -7
leaf_value=-0.049385286585499427 -0.018415505068794615 -0.075546360266895513 0.00073737659153963204 0.0095984612805873389 0.020233570173730859 -0.003100551081892812
leaf_weight=14.839769789716227 321.7048431863077 33.710737839341164 277.57777496986091 273.14077209215611 293.88512818142772 44.625124041456729
leaf_count=275 4181 903 985 1200 992 361
internal_value=-0.000543785 -0.0376529 0.00245055 -0.00555755 0.0107815 -0.0152769
internal_weight=1259.48 93.1756 1166.31 594.846 571.463 59.4649
internal_count=8897 1539 7358 5381 1977 636
is_linear=0
shrinkage=0.05


Tree=9
num_leaves=7
num_cat=0
split_feature=0 6 18 8 3 0
split_gain=42.7216 47.8337 46.8883 43.799 17.1808 32.8148
threshold=0.76734600000000019 7.0593799548186711 0.68500000000000016 201.50000000000003 2.5000000000000004 0.86698300000000017
decision_type=2 2 2 8 2 2
left_child=1 3 -3 -1 5 -2
right_child=4 2 -4 -5 -6 -7
leaf_value=0.03658237176854947 -0.032582407454793086 -0.051559536883236758 0.0084028426665416888 -0.0062762057774923361 0.020381675907686924 0.01074512342976198
leaf_weight=66.622203543316573 53.329598985612392 103.17910387832671 47.085777184925973 502.25676312413998 249.26356363948435 222.43226399412379
leaf_count=275 529 1476 387 4066 792 1289
internal_value=6.3668e-05 -0.00784861 -0.0328389 -0.00120159 0.0108957 0.00227856
internal_weight=1244.17 719.144 150.265 568.879 525.025 275.762
internal_count=8814 6204 1863 4341 2610 1818
is_linear=0
shrinkage=0.05


Tree=10
num_leaves=7
num_cat=0
split_feature=2 8 4 10 24 20
split_gain=41.8386 31.3285 35.9783 24.4993 24.3655 9.37956
threshold=0.42914850000000004 146.50000000000003 361.31758183000005 17.500000000000004 1.5000000000000002 0.49358974358974367
decision_type=2 10 2 2 2 2
left_child=3 2 -2 -1 -5 -3
right_child=1 5 -4 4 -6 -7
leaf_value=-0.064229525748037392 0.018121733197145228 0.030823339744449996 -0.0041682615570279129 -0.043654962606023993 0.010627887781097571 -0.063704862649887201
leaf_weight=31.977276190184057 235.4089392144233 110.62044427217916 771.91855213511735 35.533729194430634 46.917258100118488 1.7838078849017609
leaf_count=1075 1179 551 4758 885 408 8
internal_value=0.000908264 0.00385961 0.00105364 -0.0277552 -0.0130091 0.0287747
internal_weight=1234.16 1119.73 1007.33 114.428 82.451 112.404
internal_count=8864 6496 5937 2368 1293 559
is_linear=0
shrinkage=0.05


Tree=11
num_leaves=7
num_cat=0
split_feature=2 24 0 28 27 12
split_gain=38.9855 33.4503 32.578 19.8177 18.681 16.1576
threshold=0.41841700000000004 2.5000000000000004 0.76734600000000019 0.46168013000000002 1.0000000180025095e-35 inf
decision_type=2 2 2 8 2 8
left_child=4 2 -2 -3 5 -1
right_child=1 3 -4 -5 -6 -7
leaf_value=-0.0043511231921515387 -0.01492607647616581 -0.080965143781394452 0.0057550334095926234 0.016333727462923824 -0.063311205182726732 -0.062516201354370388
leaf_weight=59.816107533173636 347.27822190430015 4.3365371981635681 419.27629802050069 350.72288463171571 28.794408875983208 13.972880262881516
leaf_count=851 3222 26 2211 1178 1039 357
internal_value=-0.000452039 0.00225647 -0.00362153 0.0149213 -0.0298019 -0.016054
internal_weight=1224.2 1121.61 766.555 355.059 102.583 73.789
internal_count=8884 6637 5433 1204 2247 1208
is_linear=0
shrinkage=0.05


Tree=12
num_leaves=7
num_cat=0
split_feature=0 20 2 28 1 24
split_gain=37.0562 32.8976 34.1557 25.1314 17.1417 14.5736
threshold=0.19920550000000004 0.08033826638477802 0.91219700000000015 0.67306971500000012 11.713729500000001 3.5000000000000004
decision_type=2 2 2 8 8 2
left_child=3 2 -2 5 -3 -1
right_child=1 4 -4 -5 -6 -7
leaf_value=-0.035342391987322481 -0.014493188580209801 0.00043202203241043675 0.010762405747804231 -0.062292725146652253 0.018671772588838988 0.014539207728358412
leaf_weight=26.622414609882981 373.12096633203328 209.62348722387105 207.58079808577895 35.601552720414475 333.33557776687667 30.307187212165445
leaf_count=408 4668 960 734 953 986 186
internal_value=0.000291808 0.00280641 -0.00546221 -0.029948 0.0116436 -0.00899472
internal_weight=1216.19 1123.66 580.702 92.5312 542.959 56.9296
internal_count=8895 7348 5402 1547 1946 594
is_linear=0
shrinkage=0.05


Tree=13
num_leaves=7
num_cat=0
split_feature=2 21 21 10 23 12
split_gain=37.9472 37.7665 25.437 26.2304 19.4094 16.385
threshold=0.48478050000000006 0.90161300000000011 0.072078000000000017 17.500000000000004 1.0000000180025095e-35 1.0000000180025095e-35
decision_type=2 2 2 2 2 10
left_child=1 -1 3 -2 -4 -3
right_child=2 5 4 -5 -6 -7
leaf_value=-0.031790648378664292 0.024848087608392244 -0.060795999769602371 0.049961253283162789 -0.0091689056792540243 0.0093502568735043014 0.043867326642273233
leaf_weight=139.08445996232331 65.307461808435619 3.4521404886618283 30.183472086675465 389.63429769827053 546.23325356887653 25.831124496646225
leaf_count=2963 620 55 94 3167 1896 91
internal_value=0.000994084 -0.0209428 0.00459207 -0.00424194 0.0115597 0.0299287
internal_weight=1199.73 168.368 1031.36 454.942 576.417 29.2833
internal_count=8886 3109 5777 3787 1990 146
is_linear=0
shrinkage=0.05


Tree=14
num_leaves=7
num_cat=0
split_feature=2 27 28 27 22 5
split_gain=32.8823 32.8777 30.0592 17.6307 23.9257 21.8642
threshold=0.67917550000000015 0.0049078525641025649 0.72228883500000018 1.0000000180025095e-35 2.5000000000000004 0.25252649448517955
decision_type=2 2 10 2 2 2
left_child=1 2 -1 5 -5 -2
right_child=3 -3 -4 4 -6 -7
leaf_value=-0.0032429289811267865 -0.026304723433595818 -0.047490793679043013 -0.061175355226708875 0.041050844842400784 -0.012061414413565738 0.0049648969511884473
leaf_weight=353.40941985335667 60.825538590084761 56.687104878714308 22.917321605375037 67.451732234098017 30.170401529408991 582.91321593476459
leaf_count=3339 401 1590 397 299 122 2776
internal_value=-0.00139979 -0.0123316 -0.00692364 0.00499327 0.0246805 0.00197408
internal_weight=1174.37 433.014 376.327 741.361 97.6221 643.739
internal_count=8924 5326 3736 3598 421 3177
is_linear=0
shrinkage=0.05


Tree=15
num_leaves=7
num_cat=0
split_feature=1 18 4 24 27 5
split_gain=31.3923 37.9736 33.4337 33.0905 17.6551 15.5523
threshold=11.713729500000001 0.73000000000000009 597.22100913000008 1.5000000000000002 0.12980295566502467 0.87447425326862727
decision_type=10 2 2 2 2 2
left_child=3 2 -2 5 -5 -1
right_child=1 -3 -4 4 -6 -7
leaf_value=-0.034500481310841269 0.020933099626268856 0.051219792985795536 -0.0030863422061864461 0.0044431943458268031 -0.044869574768995189 0.0028751818837240745
leaf_weight=135.52042361209169 207.29159808903933 44.905515497550368 475.19285228603985 260.35499869287014 18.505695421248674 34.776502229738981
leaf_count=2289 823 106 3391 1487 354 441
internal_value=0.000781835 0.00719637 0.00422906 -0.00959912 0.00102208 -0.0268957
internal_weight=1176.55 727.39 682.484 449.158 278.861 170.297
internal_count=8891 4320 4214 4571 1841 2730
is_linear=0
shrinkage=0.05


Tree=16
num_leaves=7
num_cat=0
split_feature=21 0 1 5 28 6
split_gain=35.0559 48.2209 28.5931 23.5493 20.1216 19.9485
threshold=0.042262000000000008 0.55168200000000012 7.3505108000000012 0.87715632983850567 0.8952846750000002 6.6801941614769769
decision_type=2 2 10 2 10 2
left_child=1 3 -2 -1 -4 -3
right_child=2 5 4 -5 -6 -7
leaf_value=-0.05786842960084209 -0.011672350339704625 0.011049739727625785 0.013466178290071573 0.0022658379540964838 -0.062363786780038205 -0.012316127540378091
leaf_weight=68.833570440299809 163.8154081441462 147.00659337127581 516.58878349885345 21.134418485220522 7.925388738512992 237.74910500494298
leaf_count=1756 1472 921 1986 319 35 2431
internal_value=-0.000692836 -0.0111326 0.00651291 -0.0438726 0.0122039 -0.00338305
internal_weight=1163.05 474.724 688.33 89.968 524.514 384.756
internal_count=8920 5427 3493 2075 2021 3352
is_linear=0
shrinkage=0.05


Tree=17
num_leaves=7
num_cat=0
split_feature=6 2 0 21 5 28
split_gain=31.6748 25.2403 22.4 59.4971 23.0331 12.8694
threshold=5.8925211153384716 0.5059840000000001 0.86698300000000017 0.042262000000000008 0.74095083998799016 0.70044592500000002
decision_type=2 2 2 2 2 8
left_child=1 -1 3 -2 -4 -3
right_child=2 5 4 -5 -6 -7
leaf_value=-0.030796338660306649 -0.033215475942906428 0.002225369065660576 0.0076599528364255645 0.00094403732130869927 -0.066352041200699305 0.028614532896125013
leaf_weight=25.688762828707695 195.50888537324499 65.964942862396128 324.7116154669784 362.68362175184302 9.8680581031367165 154.60320544429123
leaf_count=567 3347 416 1622 2291 68 596
internal_value=-0.000552941 0.0152862 -0.00493413 -0.0110585 0.00528583 0.020768
internal_weight=1139.03 246.257 892.772 558.193 334.58 220.568
internal_count=8907 1579 7328 5638 1690 1012
is_linear=0
shrinkage=0.05


Tree=18
num_leaves=7
num_cat=0
split_feature=2 21 28 2 4 12
split_gain=28.7514 27.9551 25.1911 29.7155 22.0641 21.1247
threshold=0.54358250000000019 0.84954750000000001 1.0000000180025095e-35 0.86039500000000013 849.59815086000015 1.0000000180025095e-35
decision_type=2 2 10 2 2 10
left_child=1 4 -2 -4 -1 -3
right_child=2 5 3 -5 -6 -7
leaf_value=-0.0096612448352298881 0.019286307416454491 -0.05440030754151292 -0.013641164909130419 0.0071731948804054594 -0.044158863212470548 0.037519317374693065
leaf_weight=107.88870550110005 190.21144254133105 6.7292149774730197 284.7231128741987 427.85109876934439 81.25170379516203 33.11882368568331
leaf_count=1742 812 87 2581 1640 1954 116
internal_value=-0.0008458 -0.0166291 0.00317155 -0.00115106 -0.0246352 0.0210449
internal_weight=1131.77 228.988 902.786 712.574 189.14 39.848
internal_count=8932 3899 5033 4221 3696 203
is_linear=0
shrinkage=0.05


Tree=19
num_leaves=7
num_cat=0
split_feature=1 21 18 4 18 18
split_gain=33.8408 32.976 29.2476 19.3352 18.4981 16.8622
threshold=11.713729500000001 0.43804800000000005 0.82500000000000007 2212.4623605100001 0.95500000000000007 0.87500000000000011
decision_type=10 2 2 2 2 2
left_child=1 5 3 -2 -3 -1
right_child=2 4 -4 -5 -6 -7
leaf_value=-0.02781109203963485 0.0072834085963220862 0.0069193874231748415 0.049882199805760974 -0.020597323910235804 -0.079241857957440889 0.020346722169720895
leaf_weight=212.94090360379778 588.18376237736084 188.76566566061229 36.285711736418307 68.552023977041245 5.443215368082746 19.154733437811956
leaf_count=3328 3516 962 86 730 52 219
internal_value=-1.67663e-05 -0.0110866 0.00679889 0.00434624 0.00411093 -0.0237664
internal_weight=1119.33 426.305 693.021 656.736 194.209 232.096
internal_count=8893 4561 4332 4246 1014 3547
is_linear=0
shrinkage=0.05


Tree=20
num_leaves=7
num_cat=0
split_feature=0 28 4 2 24 1
split_gain=27.2406 25.4756 23.7669 31.4313 15.6632 10.11
threshold=0.2539845 0.67306971500000012 541.54135892000011 0.91835350000000016 3.5000000000000004 13.044968500000001
decision_type=2 8 2 2 2 8
left_child=1 4 5 -4 -1 -2
right_child=2 -3 3 -5 -6 -7
leaf_value=-0.030733504669883095 0.00368358251164592 -0.05613529917664517 -0.010979627085669918 0.011955797393320255 0.019119542004649881 0.020924333612674928
leaf_weight=29.069048026110977 159.3285997568164 38.824342746986076 443.02123204024974 224.15768796112388 32.137160955928266 182.61641049012542
leaf_count=449 1176 1039 4513 768 182 752
internal_value=-0.000249267 -0.0250034 0.00222684 -0.00326746 -0.00467091 0.0129252
internal_weight=1109.15 100.031 1009.12 667.179 61.2062 341.945
internal_count=8879 1670 7209 5281 631 1928
is_linear=0
shrinkage=0.05


Tree=21
num_leaves=7
num_cat=0
split_feature=21 0 0 4 4 27
split_gain=33.4164 43.0387 23.9813 22.4427 16.7958 16.7717
threshold=0.042262000000000008 0.75186000000000008 1.0000000180025095e-35 426.83989839500003 795.47374487500008 0.0049078525641025649
decision_type=2 2 2 2 2 2
left_child=1 3 5 -1 -3 -2
right_child=2 4 -4 -5 -6 -7
leaf_value=-0.0081341275696020909 -0.0063026177235944439 0.017705222711521668 0.0092454122269757782 -0.04537790385634452 -0.007953432742631222 -0.069876458955070192
leaf_weight=66.897035831585526 30.852291327901185 96.674101093783975 602.45927702449262 103.34448297694325 182.79588976083323 14.806056234054266
leaf_count=986 279 439 2702 2321 1627 492
internal_value=-0.000678611 -0.0111372 0.00658433 -0.0308758 0.000953876 -0.0279741
internal_weight=1097.83 449.712 648.118 170.242 279.47 45.6583
internal_count=8846 5373 3473 3307 2066 771
is_linear=0
shrinkage=0.05


Tree=22
num_leaves=7
num_cat=0
split_feature=2 8 28 18 8 18
split_gain=28.1595 25.6159 21.3392 19.4737 24.625 15.145
threshold=0.48478050000000006 201.50000000000003 0.87405061500000014 0.68500000000000016 288.50000000000006 0.8650000000000001
decision_type=2 8 8 2 10 2
left_child=3 -2 -3 4 -1 -5
right_child=1 2 -4 5 -6 -7
leaf_value=-0.038520637836308151 0.029900652140627731 -0.0046718407965262061 0.012361503840363143 0.038537679513268322 0.031171193447724545 -0.025100226145658051
leaf_weight=101.40859989414457 80.720348181435838 592.77432332048193 265.35702360700816 20.959831296466291 13.705733231734483 15.380019556265323
leaf_count=2440 329 3957 1505 156 215 303
internal_value=-8.17962e-05 0.00315161 0.00060358 -0.0200146 -0.030026 0.0116535
internal_weight=1090.31 938.852 858.131 151.454 115.114 36.3399
internal_count=8905 5791 5462 3114 2655 459
is_linear=0
shrinkage=0.05


Tree=23
num_leaves=7
num_cat=0
split_feature=4 0 28 1 21 24
split_gain=25.4832 26.7557 28.068 23.0441 22.8037 12.4949
threshold=1354.6903298900004 0.27765500000000004 0.63528063500000009 27.036149000000005 0.75556350000000017 11.500000000000002
decision_type=2 2 8 10 2 2
left_child=1 2 -1 4 -2 -3
right_child=3 5 -4 -5 -6 -7
leaf_value=0.002228829264609497 -0.026609956173113677 0.0064097914094527354 -0.055612182339480343 0.026313026330703638 0.010476612894938692 0.044493684135932521
leaf_weight=50.160331869032234 187.83898775477428 702.19530751160346 34.955724806874059 31.672985700890422 52.512326706200838 21.259882577694952
leaf_count=488 2489 4570 881 148 216 48
internal_value=6.9958e-06 0.00446188 -0.0218954 -0.0132026 -0.0184974 0.00758882
internal_weight=1080.6 808.571 85.1161 272.024 240.351 723.455
internal_count=8840 5987 1369 2853 2705 4618
is_linear=0
shrinkage=0.05


Tree=24
num_leaves=7
num_cat=0
split_feature=2 5 2 21 21 8
split_gain=28.7023 20.7608 22.6642 21.6379 12.3258 16.3428
threshold=0.42914850000000004 0.40339706266534875 0.99995300000000009 0.42163750000000005 0.46966900000000006 325.50000000000006
decision_type=2 2 2 2 2 8
left_child=4 2 -2 -3 5 -1
right_child=1 3 -4 -5 -6 -7
leaf_value=0.0060756706265573373 -0.016806098149310066 0.0016715149437044924 0.026799828475822126 0.020030947902616916 0.0026032927336563771 -0.050308331297210622
leaf_weight=16.773869243683293 189.49487385107204 525.01674379874021 34.397436102852225 230.27343706833199 28.221488480921835 51.293042827397585
leaf_count=328 1805 3833 100 753 362 1688
internal_value=0.000754619 0.00332493 -0.0100174 0.00728804 -0.0251491 -0.0365267
internal_weight=1075.47 979.182 223.892 755.29 96.2884 68.0669
internal_count=8869 6491 1905 4586 2378 2016
is_linear=0
shrinkage=0.05


Tree=25
num_leaves=7
num_cat=0
split_feature=21 0 4 23 8 4
split_gain=21.707 32.4503 28.2048 19.6924 16.6914 15.4903
threshold=0.42163750000000005 0.79136700000000004 217.47253519500003 6.5000000000000009 144.50000000000003 237.77552493000005
decision_type=2 2 2 2 8 2
left_child=1 2 -1 4 -2 -3
right_child=3 5 -4 -5 -6 -7
leaf_value=0.017594656088839193 -0.080453254002542302 -0.050829648436742106 -0.019763051096885951 -0.013461194826407789 0.019012513281750326 0.0086743131696046857
leaf_weight=58.764972828328609 3.3199744243174791 10.31158708129078 331.82927773019765 63.582696158438921 255.37425411259755 341.80149119440466
leaf_count=576 26 71 4708 354 1040 2116
internal_value=0.000497032 -0.00420538 -0.014112 0.0113135 0.0174311 0.00679273
internal_weight=1064.98 742.707 390.594 322.277 258.694 352.113
internal_count=8891 7471 5284 1420 1066 2187
is_linear=0
shrinkage=0.05


Tree=26
num_leaves=7
num_cat=0
split_feature=21 0 4 0 20 4
split_gain=24.2483 32.0536 18.4201 16.1837 16.2106 12.4387
threshold=0.042262000000000008 0.98880600000000007 597.22100913000008 1.0000000180025095e-35 0.42016806722689076 1200.4693513050001
decision_type=2 2 2 2 2 2
left_child=1 2 -1 4 -2 -5
right_child=3 -3 -4 5 -6 -7
leaf_value=-0.0030298263253560349 -0.034357695754876245 0.013205784475285892 -0.027562090881071644 0.012534244630740899 0.046412499407306795 -0.0040048477510175205
leaf_weight=129.19790045102127 39.573804686078802 114.1739413542673 187.62950955505949 431.84646053425968 6.4395095184445372 153.62583652464673
leaf_count=1607 743 710 3101 1772 22 937
internal_value=-0.000296312 -0.00942714 -0.0175992 0.00594071 -0.0223072 0.00819502
internal_weight=1062.49 431.001 316.827 631.486 46.0133 585.472
internal_count=8892 5418 4708 3474 765 2709
is_linear=0
shrinkage=0.05


Tree=27
num_leaves=7
num_cat=0
split_feature=1 21 21 21 2 7
split_gain=20.379 21.7591 20.6298 20.3693 17.1713 14.5564
threshold=11.713729500000001 0.74482050000000011 0.49657550000000006 0.70087700000000008 0.68279750000000006 1.0000000180025095e-35
decision_type=10 2 2 2 2 8
left_child=2 4 5 -4 -2 -1
right_child=1 -3 3 -5 -6 -7
leaf_value=0.049811472296867706 -0.012135299204273552 0.031871526967373554 0.02529785741165488 -0.0087200769609007984 0.0079063676969603324 -0.020805166342039418
leaf_weight=6.630795291159302 140.57864946580958 72.654309770092368 70.059239578898996 114.68692234903574 435.38653333485126 210.81099278072361
leaf_count=32 1827 160 371 543 2290 3593
internal_value=0.000800331 0.00628 -0.00803053 0.00424691 0.00300214 -0.0184336
internal_weight=1050.81 648.619 402.188 184.746 575.965 217.442
internal_count=8816 4277 4539 914 4117 3625
is_linear=0
shrinkage=0.05


Tree=28
num_leaves=7
num_cat=0
split_feature=4 8 0 1 10 24
split_gain=21.0373 23.0501 20.7057 18.2686 16.2928 11.37
threshold=1354.6903298900004 146.50000000000003 0.27765500000000004 26.314960000000003 17.500000000000004 5.5000000000000009
decision_type=2 10 2 10 2 2
left_child=1 2 -1 5 -5 -2
right_child=3 -3 -4 4 -6 -7
leaf_value=-0.024978151750652496 -0.026381286099856429 0.027746106907823767 0.0032177445701063153 0.063765631847679291 -0.0033436169750520744 0.001375883953763705
leaf_weight=71.695084919920191 153.64977770997211 84.801911407150328 623.1775834870059 11.637918766587971 31.486296803690493 48.326213963795453
leaf_count=1253 2222 616 4134 27 186 420
internal_value=-0.000722796 0.00329628 0.000276854 -0.0134691 0.0158018 -0.0197658
internal_weight=1024.77 779.675 694.873 245.1 43.1242 201.976
internal_count=8858 6003 5387 2855 213 2642
is_linear=0
shrinkage=0.05


Tree=29
num_leaves=7
num_cat=0
split_feature=18 2 8 1 1 28
split_gain=19.4837 24.5109 16.9914 14.9393 14.3993 12.5088
threshold=1.0000000180025095e-35 0.43218850000000003 146.50000000000003 16.374972500000002 6.5437931500000008 0.58008380000000004
decision_type=2 2 10 10 10 10
left_child=1 3 -3 -1 5 -2
right_child=4 2 -4 -5 -6 -7
leaf_value=-0.040367049252818983 -0.016791564705001625 -0.001805379806306409 0.02032675682023613 0.021395117458171735 0.033569659573876448 0.037670824364281853
leaf_weight=57.177005374687724 35.833828584291041 737.46384609048255 97.261313618160784 11.11343709414359 72.963078421540558 13.77183287986554
leaf_count=1801 433 5453 545 220 287 108
internal_value=0.00096996 -0.00157645 0.00079467 -0.0301523 0.0195914 -0.00122576
internal_weight=1025.58 903.016 834.725 68.2904 122.569 49.6057
internal_count=8847 8019 5998 2021 828 541
is_linear=0
shrinkage=0.05


Tree=30
num_leaves=7
num_cat=0
split_feature=1 21 6 20 1 23
split_gain=18.5651 22.1223 20.6564 13.0514 11.6841 10.2306
threshold=7.418904050000001 0.18065250000000002 5.8925211153384716 0.42016806722689076 4.9218672500000009 6.5000000000000009
decision_type=10 2 2 2 8 2
left_child=4 2 -2 -3 5 -1
right_child=1 3 -4 -5 -6 -7
leaf_value=0.021610312217285151 0.015520763832917185 0.013367436765688754 -0.010100984172453252 -0.042593665476572118 -0.021268748557876235 -0.047472995615156041
leaf_weight=30.644775287248194 98.179143646731973 341.12028349610046 380.13104615081102 9.7924891691654903 151.55945161555428 5.482173557393252
leaf_count=292 629 1301 4313 40 2238 39
internal_value=-0.00104676 0.00217185 -0.00482039 0.0116892 -0.0152031 0.0101308
internal_weight=1016.91 829.223 478.31 350.913 187.686 36.1269
internal_count=8852 6283 4942 1341 2569 331
is_linear=0
shrinkage=0.05


Tree=31
num_leaves=7
num_cat=0
split_feature=21 2 1 27 27 8
split_gain=16.9134 33.6696 16.8803 14.9103 13.3283 11.3896
threshold=0.42163750000000005 0.8509365000000001 17.072136000000004 0.13252032520325205 1.0000000180025095e-35 144.50000000000003
decision_type=2 2 10 2 2 8
left_child=1 2 -1 5 -3 -2
right_child=3 4 -4 -5 -6 -7
leaf_value=-0.021655649608758754 -0.074914791015645119 0.0042561830264636422 0.0002648414025937012 -0.043601343484248115 0.039334881670396116 0.01252050855667136
leaf_weight=261.98756402661093 2.7887158878147602 282.12361183855683 131.82485402491875 11.836751378607003 29.000269556418061 300.65358761744574
leaf_count=4626 26 1347 1354 205 125 1201
internal_value=-0.000334484 -0.0046391 -0.0143359 0.00927449 0.00764146 0.0114735
internal_weight=1020.22 704.936 393.812 315.279 311.124 303.442
internal_count=8884 7452 5980 1432 1472 1227
is_linear=0
shrinkage=0.05


Tree=32
num_leaves=7
num_cat=0
split_feature=4 0 24 1 28 13
split_gain=20.0446 21.4908 17.3606 15.8816 19.1612 17.7846
threshold=541.54135892000011 0.33580500000000008 5.5000000000000009 13.830844250000002 0.56876298000000014 0.46200000000000002
decision_type=2 2 2 10 10 2
left_child=3 -2 -3 4 -1 -5
right_child=1 2 -4 5 -6 -7
leaf_value=0.010310461772909417 -0.033016441182784455 -0.0066871621929586525 0.01820211355030919 -0.024582833765341379 -0.020885818487416465 0.02807142357880665
leaf_weight=148.89790316415019 66.099163791514002 480.14141068211757 81.023373037576675 17.598155494779348 72.286948307417333 124.71482439851388
leaf_count=1377 1220 4651 315 98 728 458
internal_value=-0.000860277 -0.00627101 -0.00306756 0.00846825 6.68754e-05 0.0214342
internal_weight=990.762 627.264 561.165 363.498 221.185 142.313
internal_count=8847 6186 4966 2661 2105 556
is_linear=0
shrinkage=0.05


Tree=33
num_leaves=7
num_cat=0
split_feature=8 1 18 4 4 5
split_gain=18.7643 18.021 27.066 19.2709 17.6591 12.0499
threshold=201.50000000000003 11.713729500000001 0.73000000000000009 267.29520355500006 1221.6142185900001 0.23158893276357789
decision_type=8 10 2 2 2 2
left_child=4 3 -3 -2 -1 -6
right_child=1 2 -4 -5 5 -7
leaf_value=0.033891877127457636 0.0085101728349931179 -4.2372647806067029e-05 0.043505220845461413 -0.018725667986363166 0.021492022420115584 -0.053526781932628067
leaf_weight=66.744852303527296 86.9197809076868 546.16200195066631 37.174671608954668 250.27886215725448 9.2239533420652169 10.511464627692474
leaf_count=319 840 3995 107 3462 63 143
internal_value=-0.000416638 -0.00251704 0.00280252 -0.0117007 0.0217142 -0.0191189
internal_weight=1007.02 920.535 583.337 337.199 86.4803 19.7354
internal_count=8929 8404 4102 4302 525 206
is_linear=0
shrinkage=0.05


Tree=34
num_leaves=7
num_cat=0
split_feature=21 0 1 4 4 28
split_gain=18.6387 37.469 15.7187 18.7249 15.2579 14.4046
threshold=0.20530350000000003 0.61832300000000007 7.418904050000001 1075.7508695350002 590.06042249000018 0.56156695000000012
decision_type=2 2 10 2 2 10
left_child=1 4 5 -4 -1 -2
right_child=2 -3 3 -5 -6 -7
leaf_value=-0.014420174606806072 -0.020603001847316817 0.0023125625693952738 0.022205069300379583 -0.0028294161202260027 -0.046802227891007554 0.014424806539774564
leaf_weight=101.01790904905647 76.509761907160282 402.54955292167142 214.4150339756161 114.02398368576542 57.140474962303415 46.351895688567311
leaf_count=1577 884 3303 687 572 1573 300
internal_value=0.000281317 -0.00580192 0.00783541 0.0135317 -0.0263399 -0.00737833
internal_weight=1012.01 560.708 451.301 328.439 158.158 122.862
internal_count=8896 6453 2443 1259 3150 1184
is_linear=0
shrinkage=0.05


Tree=35
num_leaves=7
num_cat=0
split_feature=0 20 2 28 18 8
split_gain=24.5124 18.3574 28.2582 14.3731 15.9751 13.2056
threshold=0.19920550000000004 0.08033826638477802 0.86039500000000013 0.71491630000000017 0.68500000000000016 173.50000000000003
decision_type=2 2 2 8 2 10
left_child=3 2 -2 4 -1 -3
right_child=1 5 -4 -5 -6 -7
leaf_value=-0.028344138002968262 -0.015454434276877592 0.0065640390867901625 0.0092756145288679058 -0.059830209714275329 0.034473077747907727 0.033835967990256996
leaf_weight=37.942204488674179 260.43607707472984 404.32266203453764 206.06416217423975 22.510352132143453 12.742826616391538 49.002483541145921
leaf_count=533 4279 1780 1104 902 107 200
internal_value=0.000197261 0.00242471 -0.00453411 -0.0274499 -0.0121897 0.00958
internal_weight=993.021 919.825 466.5 73.1954 50.685 453.325
internal_count=8905 7363 5383 1542 640 1980
is_linear=0
shrinkage=0.05


Tree=36
num_leaves=7
num_cat=0
split_feature=2 5 24 21 27 27
split_gain=25.7943 18.1183 14.993 14.8443 14.2649 13.7377
threshold=0.53683250000000016 0.25252649448517955 1.5000000000000002 0.042262000000000008 1.0000000180025095e-35 1.0000000180025095e-35
decision_type=2 2 2 2 2 2
left_child=2 4 -1 -3 -2 -4
right_child=1 3 5 -5 -6 -7
leaf_value=-0.032654534974900756 -0.032272998244198291 -0.0025179588631171063 0.0043525344688113638 0.012050392080898436 0.011746985439975891 -0.043063488015337076
leaf_weight=84.740976064349525 57.526654100045562 300.95554396393709 83.982082899659872 415.3437542594038 26.219302766025066 17.635122436797246
leaf_count=2452 528 2779 703 1552 232 630
internal_value=-0.000551679 0.00335525 -0.0172527 0.00593447 -0.0185152 -0.00421573
internal_weight=986.403 800.045 186.358 716.299 83.746 101.617
internal_count=8876 5091 3785 4331 760 1333
is_linear=0
shrinkage=0.05


Tree=37
num_leaves=7
num_cat=0
split_feature=8 2 28 24 8 2
split_gain=16.9461 19.9071 18.5848 10.2387 8.5712 12.1609
threshold=200.50000000000003 0.41841700000000004 0.87405061500000014 1.5000000000000002 175.50000000000003 0.54358250000000019
decision_type=8 2 8 2 10 2
left_child=4 3 -3 -2 5 -1
right_child=1 2 -4 -5 -6 -7
leaf_value=-0.045388680802850828 -0.05142829832724332 -0.0057925517169721743 0.009861999209509165 -0.012274680836669072 0.046070749702349013 0.019833623820367564
leaf_weight=7.4191709028091273 27.015158282243647 538.34486928791739 291.36325782909989 43.511728736106306 23.767837994731963 47.395132195204496
leaf_count=160 1274 4134 2169 829 116 189
internal_value=-0.000519737 -0.0024722 -0.00028999 -0.0277817 0.0215977 0.0103507
internal_weight=978.817 900.235 829.708 70.5269 78.5821 54.8143
internal_count=8871 8406 6303 2103 465 349
is_linear=0
shrinkage=0.05


Tree=38
num_leaves=7
num_cat=0
split_feature=4 3 0 1 2 8
split_gain=14.9952 19.5398 26.0303 16.6818 12.5857 9.71608
threshold=604.62006456500012 4.5000000000000009 0.8537070000000001 13.193966500000002 0.89923950000000008 200.50000000000003
decision_type=2 2 2 10 2 8
left_child=3 2 -2 5 -3 -1
right_child=1 4 -4 -5 -6 -7
leaf_value=0.029141937292931394 -0.016956583019054242 0.054311412561995336 0.0051053632496310276 0.01997378195628087 0.0016150586244078034 -0.0041001174261754824
leaf_weight=23.552537432406098 298.02186548046302 20.912569589912891 241.16493924660608 169.27935778629035 23.594183202832937 208.9389550392516
leaf_count=102 4212 53 1546 717 74 2197
internal_value=0.000660573 -0.004454 -0.00709764 0.00808365 0.0270251 -0.000622146
internal_weight=985.464 583.694 539.187 401.771 44.5068 232.491
internal_count=8901 5885 5758 3016 127 2299
is_linear=0
shrinkage=0.05


Tree=39
num_leaves=7
num_cat=0
split_feature=4 2 21 10 21 20
split_gain=18.2802 12.0952 15.8034 13.0613 10.6587 10.8985
threshold=1267.2686745550002 0.91835350000000016 0.75556350000000017 17.500000000000004 0.093178000000000011 0.48043184885290152
decision_type=2 2 2 2 2 2
left_child=4 2 -2 -3 -1 -6
right_child=1 3 -4 -5 5 -7
leaf_value=-0.0031251936286146084 -0.025671540033812723 0.0387250182102842 0.0097520157786469743 -0.0070507889105753466 0.010065646263512766 -0.073868869674792267
leaf_weight=286.5208638337208 144.40014748519752 20.472030531615019 39.608276662882417 56.012016640976071 424.77283641695976 2.9154375810176125
leaf_count=3532 2572 75 202 269 2203 12
internal_value=0.000195535 -0.0111174 -0.018035 0.0055434 0.00433145 0.00932251
internal_weight=974.702 260.492 184.008 76.484 714.209 427.688
internal_count=8865 3118 2774 344 5747 2215
is_linear=0
shrinkage=0.05


Tree=40
num_leaves=7
num_cat=0
split_feature=21 0 28 1 4 8
split_gain=18.3271 24.5517 17.2157 20.8333 16.6843 8.30787
threshold=0.042262000000000008 0.98880600000000007 0.88609925000000012 11.713729500000001 490.47880779500002 207.50000000000003
decision_type=2 2 10 10 2 8
left_child=1 4 3 -2 -1 -3
right_child=2 5 -4 -5 -6 -7
leaf_value=0.00016568452170616054 -0.0036097310714408334 -0.062232755752568973 -0.079735700052961156 0.015612791146489974 -0.024830286028369758 0.015032207329802774
leaf_weight=102.58414849103428 277.782011493342 2.6331523647531867 4.9028185196220866 284.52013470046222 190.09025137533899 98.103820921853185
leaf_count=1295 2272 29 32 1153 3384 661
internal_value=-0.000502531 -0.00878275 0.00524595 0.00612715 -0.0160983 0.0124207
internal_weight=960.616 393.411 567.205 562.302 292.674 100.737
internal_count=8826 5369 3457 3425 4679 690
is_linear=0
shrinkage=0.05


Tree=41
num_leaves=7
num_cat=0
split_feature=2 1 4 20 2 1
split_gain=18.4166 19.6856 18.7864 17.1749 11.916 9.50712
threshold=0.67917550000000015 21.934107500000003 882.30720859500013 0.42016806722689076 0.69347950000000014 11.713729500000001
decision_type=2 8 2 2 2 10
left_child=1 2 -1 -3 -2 -6
right_child=4 3 -4 -5 5 -7
leaf_value=0.007688214198261021 0.038673760565222981 -0.037647187424238643 -0.018354194817838083 0.049981155917171505 -0.0067256845017198523 0.0079719937339519636
leaf_weight=176.07574973697774 25.273442928679287 70.372597337525804 112.75016106676776 5.2130468022078267 146.87761585740373 430.09343349188566
leaf_count=1827 131 1631 1843 17 1072 2363
internal_value=0.000367228 -0.00849135 -0.00250632 -0.0310299 0.00573265 0.00422529
internal_weight=966.656 364.412 288.826 75.5856 602.244 576.971
internal_count=8884 5318 3670 1648 3566 3435
is_linear=0
shrinkage=0.05


Tree=42
num_leaves=7
num_cat=0
split_feature=21 0 4 4 2 27
split_gain=17.9501 24.287 17.2868 13.6159 12.2387 14.5948
threshold=0.042262000000000008 0.54213650000000013 195.28128116000002 795.47374487500008 0.67917550000000015 0.0058027947696279265
decision_type=2 2 2 2 2 2
left_child=1 2 -1 -3 5 -2
right_child=4 3 -4 -5 -6 -7
leaf_value=0.0040472824844006985 0.0016962885061631208 0.010892065897040983 -0.048911340465104869 -0.0099337953543336063 0.01275589394992757 -0.041548261214562378
leaf_weight=21.657013395801187 217.32447061268613 130.36832698318176 51.20724155503558 193.99215010937769 322.54779508756474 20.428574595367536
leaf_count=328 1562 924 1711 2446 1185 698
internal_value=0.000666854 -0.00745299 -0.0333291 -0.00155563 0.00642643 -0.00217789
internal_weight=957.526 397.225 72.8643 324.36 560.301 237.753
internal_count=8854 5409 2039 3370 3445 2260
is_linear=0
shrinkage=0.05


Tree=43
num_leaves=7
num_cat=0
split_feature=1 21 21 4 4 0
split_gain=15.7675 19.6141 16.9321 18.6797 13.2872 12.5957
threshold=11.713729500000001 0.28317600000000004 0.74482050000000011 597.22100913000008 1036.3737574450001 0.38098350000000009
decision_type=10 2 2 2 2 2
left_child=1 5 3 -2 -3 -1
right_child=2 4 -4 -5 -6 -7
leaf_value=-0.039864077099817652 0.015579438934421539 0.0092875660453322038 0.028877977146686613 -0.0043724770034929521 -0.020078049618064746 -0.01034254565159063
leaf_weight=57.114090248418506 173.8363038324751 156.06076715025119 66.005945542827249 355.65676141076256 50.047670496162027 98.249369022203609
leaf_count=1593 820 843 168 3330 587 1527
internal_value=0.000198329 -0.0080265 0.00519594 0.0021949 0.00209443 -0.0213807
internal_weight=956.971 361.472 595.499 529.493 206.108 155.363
internal_count=8868 4550 4318 4150 1430 3120
is_linear=0
shrinkage=0.05


Tree=44
num_leaves=7
num_cat=0
split_feature=0 24 0 20 10 20
split_gain=20.4434 15.8976 20.9485 11.2162 13.2225 9.41473
threshold=0.19920550000000004 1.5000000000000002 0.98880600000000007 0.42016806722689076 14.500000000000002 0.43650793650793657
decision_type=2 2 2 2 2 2
left_child=3 2 -2 4 -1 -3
right_child=1 5 -4 -5 -6 -7
leaf_value=0.041535173176637581 -0.011135507344997965 0.01013735012376913 0.012479374489557637 0.030890601348013254 -0.041268000768426079 -0.030145328335962798
leaf_weight=4.4793492611497632 358.91479068633635 372.82363003259525 126.14884805353358 6.5865860674530259 55.076742011529859 14.139410402625797
leaf_count=37 4701 1817 785 30 1494 67
internal_value=-0.00100103 0.00104476 -0.00498103 -0.0275866 -0.0344571 0.00859154
internal_weight=938.169 872.027 485.064 66.1427 59.5561 386.963
internal_count=8931 7370 5486 1561 1531 1884
is_linear=0
shrinkage=0.05


Tree=45
num_leaves=7
num_cat=0
split_feature=0 28 21 20 21 24
split_gain=10.4922 14.1784 10.647 15.1241 13.4449 8.24226
threshold=0.19920550000000004 0.67306971500000012 0.42163750000000005 0.43650793650793657 0.34494900000000006 3.5000000000000004
decision_type=2 8 2 2 2 2
left_child=1 5 4 -4 -2 -1
right_child=2 -3 3 -5 -6 -7
leaf_value=-0.027405327873336396 8.0379670326184938e-05 -0.049652661085089894 0.013323136926284666 -0.047914639427004274 -0.035652774587745434 0.015985372941240843
leaf_weight=17.340705970069394 606.98599177855067 22.697002882661764 236.75983402458951 9.5625772327184659 26.517297382699326 26.146696100011468
leaf_count=399 6236 948 884 66 176 179
internal_value=0.000511192 -0.0185356 0.00196339 0.0107617 -0.00146918 -0.00154388
internal_weight=946.01 66.1844 879.826 246.322 633.503 43.4874
internal_count=8888 1526 7362 950 6412 578
is_linear=0
shrinkage=0.05


Tree=46
num_leaves=7
num_cat=0
split_feature=8 4 1 0 4 5
split_gain=15.3891 18.2447 19.1836 12.1828 9.47924 6.09902
threshold=201.50000000000003 490.47880779500002 11.713729500000001 0.56226150000000008 1221.6142185900001 0.30118195340588122
decision_type=8 2 10 2 2 2
left_child=4 3 -3 -2 -1 -6
right_child=1 2 -4 -5 5 -7
leaf_value=0.028977933327601527 -0.0021083773854102916 -0.022282425116528087 -0.0015163004263162995 0.017869931348606073 0.0040863881657593167 -0.062618911803110702
leaf_weight=66.508806566009298 151.07884704484604 152.72034664207604 402.79160616896115 152.79619036847726 14.358615294564517 3.4577109725214532
leaf_count=321 1694 2549 3504 662 113 88
internal_value=0.000137657 -0.00187107 -0.00725507 0.00796289 0.0203913 -0.0114994
internal_weight=943.712 859.387 555.512 303.875 84.3251 17.8163
internal_count=8931 8409 6053 2356 522 201
is_linear=0
shrinkage=0.05


Tree=47
num_leaves=7
num_cat=0
split_feature=8 24 2 23 1 3
split_gain=13.33 12.7758 27.9582 22.1659 12.0923 16.2209
threshold=448.00000000000006 5.5000000000000009 0.49289350000000004 6.5000000000000009 14.826476000000001 2.5000000000000004
decision_type=8 2 2 2 10 2
left_child=4 2 -2 -3 5 -1
right_child=1 3 -4 -5 -6 -7
leaf_value=-0.039443895113684138 -0.036692709229210162 0.025415919362061803 -0.0022094759411613375 -0.018287888526201033 0.033858112371252948 0.014194419634350322
leaf_weight=17.057586091337726 64.138342237623874 89.377235061023384 603.97305292426609 41.877172655891627 48.770870739477687 63.273951456416398
leaf_count=408 2160 515 4696 382 294 425
internal_value=-0.000353611 -0.0027661 -0.00556974 0.0114392 0.0144903 0.00245993
internal_weight=928.468 799.366 668.111 131.254 129.102 80.3315
internal_count=8880 7753 6856 897 1127 833
is_linear=0
shrinkage=0.05


Tree=48
num_leaves=7
num_cat=0
split_feature=4 2 18 2 28 0
split_gain=12.2845 14.0567 9.54198 15.5699 8.34065 5.56252
threshold=361.31758183000005 0.43218850000000003 0.76000000000000012 0.92975050000000004 0.58412703000000021 0.58721150000000011
decision_type=2 2 2 2 10 2
left_child=1 -1 3 -2 -4 -3
right_child=2 5 4 -5 -6 -7
leaf_value=-0.056402465608970664 -0.0098462116612068381 0.0056947265410146851 -0.0032196909085004284 0.0073330906667732542 0.027597106562644032 0.022447668228754773
leaf_weight=6.4852951209759331 453.76361788675422 107.6533443313092 42.12846056651324 184.92712008394301 44.433086092583835 92.293323705904186
leaf_count=336 5925 889 475 748 185 337
internal_value=0.000312499 0.0110435 -0.00275292 -0.00486841 0.0127335 0.0135009
internal_weight=931.684 206.432 725.252 638.691 86.5615 199.947
internal_count=8895 1562 7333 6673 660 1226
is_linear=0
shrinkage=0.05


Tree=49
num_leaves=7
num_cat=0
split_feature=4 0 21 21 0 28
split_gain=18.7633 18.1572 18.4266 13.1056 21.6248 16.8194
threshold=1354.6903298900004 0.81177350000000015 0.84954750000000001 0.20530350000000003 0.61832300000000007 0.55662780000000012
decision_type=2 2 2 2 2 8
left_child=3 2 -2 4 -1 -5
right_child=1 -3 -4 5 -6 -7
leaf_value=-0.018433928164571158 -0.045589334921235403 -0.00076873560250819285 0.0027893562347503127 -0.026660860907212026 0.0064466402894130864 0.014957607631432314
leaf_weight=131.05212683125865 59.339381089317612 134.78060606517829 29.046902033034712 25.50430141761899 256.93084095022641 299.13715026830323
leaf_count=2571 1587 1149 157 167 1816 1489
internal_value=0.000256038 -0.0123631 -0.029837 0.00421966 -0.00198325 0.0116162
internal_weight=935.791 223.167 88.3863 712.624 387.983 324.641
internal_count=8936 2893 1744 6043 4387 1656
is_linear=0
shrinkage=0.05


Tree=50
num_leaves=7
num_cat=0
split_feature=21 0 6 28 27 28
split_gain=13.6336 18.964 15.5034 11.4786 11.0125 13.6741
threshold=0.05195700000000001 0.45343050000000001 6.6801941614769769 0.54571986000000006 0.13252032520325205 0.73374768500000009
decision_type=2 2 2 8 2 10
left_child=1 3 -3 -1 -2 -6
right_child=4 2 -4 -5 5 -7
leaf_value=0.025779645260234626 0.0068514082545290027 0.0093361196050879263 -0.012055376156833435 -0.044771840104628619 -0.055328312343085842 0.034889400277298824
leaf_weight=5.9801861108280709 514.1389633466024 150.42601459729485 191.29395855171606 42.594164341164287 14.03080708300695 5.0464298482984296
leaf_count=117 3037 1188 2652 1512 383 29
internal_value=0.000251447 -0.00683958 -0.00263902 -0.0357411 0.0054449 -0.0309143
internal_weight=923.511 390.294 341.72 48.5744 533.216 19.0772
internal_count=8918 5469 3840 1629 3449 412
is_linear=0
shrinkage=0.05


Tree=51
num_leaves=7
num_cat=0
split_feature=24 1 4 28 1 4
split_gain=10.3169 16.3815 9.2291 9.19173 8.12326 18.0748
threshold=1.5000000000000002 10.471193750000003 1985.090507225 0.57377328500000013 23.178469000000003 490.47880779500002
decision_type=2 10 2 10 8 2
left_child=1 3 -3 -1 -2 -6
right_child=4 2 -4 -5 5 -7
leaf_value=-0.011927935163362406 0.0087543332987115603 0.0024975819749296813 -0.019761164906609879 -0.042678056050844224 0.022354738764753759 -0.025701478770742345
leaf_weight=72.533370609860867 327.4687528826762 330.63164939440321 53.177906525321305 36.496572417672724 29.477129985112697 53.90688946750015
leaf_count=1576 1763 2899 819 865 218 730
internal_value=-0.000634557 -0.0055073 -0.000629769 -0.0225155 0.00520974 -0.0086495
internal_weight=903.692 492.839 383.81 109.03 410.853 83.384
internal_count=8870 6159 3718 2441 2711 948
is_linear=0
shrinkage=0.05


Tree=52
num_leaves=7
num_cat=0
split_feature=20 5 2 2 27 5
split_gain=13.5884 10.4186 13.1387 10.5234 7.04633 7.30979
threshold=0.08033826638477802 0.87447425326862727 0.52894000000000008 0.8509365000000001 0.11451990632318503 0.97948339372004145
decision_type=2 2 2 2 2 2
left_child=1 3 -3 -1 5 -2
right_child=4 2 -4 -5 -6 -7
leaf_value=-0.01555289307374602 0.0081081383802441634 -0.046263403720888101 0.032233080183397093 0.00060681179893487395 -0.021323839626297619 -0.065447781666881422
leaf_weight=224.90769933204865 438.91618757997639 5.4985970882698885 30.595024701207876 181.71077643055469 21.226280424743891 2.4144456577487281
leaf_count=4434 2420 226 205 1141 425 33
internal_value=0.000203686 -0.00605097 0.0193499 -0.00834763 0.00619014 0.00755867
internal_weight=905.269 442.712 36.0936 406.618 462.557 441.331
internal_count=8884 6006 431 5575 2878 2453
is_linear=0
shrinkage=0.05


Tree=53
num_leaves=7
num_cat=0
split_feature=0 5 24 4 27 24
split_gain=12.3714 20.9969 24.466 9.34012 8.73859 7.75695
threshold=0.79136700000000004 0.8318017950422899 3.5000000000000004 1996.7673781350002 1.0000000180025095e-35 11.500000000000002
decision_type=2 2 2 2 2 2
left_child=1 2 -1 5 -5 -2
right_child=3 -3 -4 4 -6 -7
leaf_value=-0.018322816836694032 0.010534709808539211 0.014799623517269368 0.0066907642094959571 -0.020422167494513525 0.01786415684543851 0.057715296917532792
leaf_weight=261.4306475262274 288.77817152626812 117.96663111518137 155.12048924481496 46.588325770804659 20.803064686013386 8.05034541338682
leaf_count=4270 1704 966 1177 481 227 14
internal_value=0.00109973 -0.00374076 -0.00901423 0.00819427 -0.00851516 0.0120038
internal_weight=898.738 534.518 416.551 364.22 67.3914 296.829
internal_count=8839 6413 5447 2426 708 1718
is_linear=0
shrinkage=0.05


Tree=54
num_leaves=7
num_cat=0
split_feature=0 20 2 28 8 0
split_gain=10.8481 14.1581 12.5552 12.3927 9.89288 8.52107
threshold=0.19920550000000004 0.08033826638477802 0.86039500000000013 0.48912014000000009 172.50000000000003 0.13558200000000001
decision_type=2 2 2 10 10 2
left_child=3 2 -2 -1 -3 -5
right_child=1 4 -4 5 -6 -7
leaf_value=-0.051834090551005366 -0.011079710714272606 0.0066974879118745032 0.0062301763653529359 0.0024193642240453359 0.030896808282011051 -0.06719805629688641
leaf_weight=18.261652618879452 237.52886743436102 357.89686728222296 185.91466125799343 44.820340810983907 47.067017974331975 3.8664561021141699
leaf_count=828 4291 1742 1116 651 210 72
internal_value=0.00133422 0.0029063 -0.00348296 -0.0178749 0.00957924 -0.00435046
internal_weight=895.356 828.407 423.444 66.9484 404.964 48.6868
internal_count=8910 7359 5407 1551 1952 723
is_linear=0
shrinkage=0.05


Tree=55
num_leaves=7
num_cat=0
split_feature=0 21 2 28 10 2
split_gain=12.5843 12.5429 17.7978 10.6125 6.43889 8.66898
threshold=1.0000000180025095e-35 0.20530350000000003 0.93251600000000001 0.55662780000000012 17.500000000000004 0.43443750000000009
decision_type=2 2 2 8 2 2
left_child=4 2 -2 -3 -1 -6
right_child=1 3 -4 -5 5 -7
leaf_value=-0.050448871200601833 -0.0093108574230213442 -0.020898161950363078 0.011151962811083925 0.011960652044549649 0.023470436001770057 -0.029147098372288099
leaf_weight=14.373887500725685 324.08670365111902 25.567071352154016 156.89837566064671 342.21088947867975 11.242302419734186 21.018132924567908
leaf_count=723 5193 157 683 1623 272 235
internal_value=0.00128719 0.00268765 -0.00262655 0.00962591 -0.023723 -0.0106563
internal_weight=895.397 848.763 480.985 367.778 46.6343 32.2604
internal_count=8886 7656 5876 1780 1230 507
is_linear=0
shrinkage=0.05


Tree=56
num_leaves=7
num_cat=0
split_feature=6 0 21 10 1 28
split_gain=16.1927 17.6833 13.9054 10.0427 9.49317 13.3518
threshold=6.9939442451632958 0.77562900000000012 0.51668500000000006 17.500000000000004 7.3505108000000012 0.7686460650000001
decision_type=2 2 2 2 10 10
left_child=4 2 -2 -3 -1 -6
right_child=1 3 -4 -5 5 -7
leaf_value=-0.0076452024114718091 -0.041704636943008272 0.020737595268671014 -0.0054677719539210634 -0.0067849586963964178 0.012672326431846554 -0.0068876815468605071
leaf_weight=124.67521838773973 59.739481072698254 42.257904637139291 47.536008100025356 140.7728071550373 351.56852273736149 115.21754534635693
leaf_count=1740 1718 453 361 1161 2691 741
internal_value=-0.000177598 -0.00982938 -0.0258461 -0.000352429 0.00456837 0.0078399
internal_weight=881.767 290.306 107.275 183.031 591.461 466.786
internal_count=8865 3693 2079 1614 5172 3432
is_linear=0
shrinkage=0.05


Tree=57
num_leaves=7
num_cat=0
split_feature=1 21 21 24 8 2
split_gain=10.1688 20.1857 14.743 10.5594 11.2963 9.28841
threshold=17.072136000000004 0.83666650000000009 0.41506450000000006 1.5000000000000002 143.50000000000003 0.56018500000000004
decision_type=10 2 2 2 8 2
left_child=3 2 -2 5 -5 -1
right_child=1 -3 -4 4 -6 -7
leaf_value=-0.027606380797519616 0.0064159689457139292 0.041730259213589069 -0.028417318163667823 -0.062578851749728201 0.0041051321021606593 -0.0057209176246056787
leaf_weight=65.427341262926348 289.14100008760579 36.112079437822104 32.936613609548658 5.5027594733983278 273.58877062471583 182.33286899840459
leaf_count=2267 2215 81 178 54 2094 1935
internal_value=0.000319942 0.00680934 0.00277688 -0.00409653 0.00257162 -0.0115881
internal_weight=885.041 358.19 322.078 526.852 279.092 247.76
internal_count=8824 2474 2393 6350 2148 4202
is_linear=0
shrinkage=0.05


Tree=58
num_leaves=7
num_cat=0
split_feature=1 21 10 5 22 24
split_gain=11.1516 14.795 12.7875 12.7751 11.1914 10.3793
threshold=14.717094500000002 0.79057050000000018 17.500000000000004 0.81234443151221936 4.5000000000000009 1.5000000000000002
decision_type=10 2 2 2 2 2
left_child=3 2 -2 5 -3 -1
right_child=1 4 -4 -5 -6 -7
leaf_value=-0.021553398054578277 0.030499499150105372 0.047474769266781666 -0.00061716803140098898 0.0083532354787613314 -0.015764132013456996 -0.003623520773785879
leaf_weight=134.07639763469342 35.487132370471954 31.331063383258879 346.8084123567096 116.18683831242379 8.3941331598907691 201.81839909451082
leaf_count=2859 356 70 2658 1102 28 1806
internal_value=-0.000436955 0.00540163 0.00234332 -0.0058872 0.0340531 -0.0108232
internal_weight=874.102 422.021 382.296 452.082 39.7252 335.895
internal_count=8879 3112 3014 5767 98 4665
is_linear=0
shrinkage=0.05


Tree=59
num_leaves=7
num_cat=0
split_feature=18 2 8 18 28 22
split_gain=10.8684 11.5657 12.2909 8.47986 10.2712 5.85592
threshold=0.76000000000000012 0.31622600000000006 146.50000000000003 0.88500000000000012 0.47349879000000006 2.5000000000000004
decision_type=2 2 10 2 10 2
left_child=1 -1 -3 5 -5 -2
right_child=3 2 -4 4 -6 -7
leaf_value=-0.040340834280569282 0.040136412834072349 -0.0032528749251713425 0.016038581218656724 -0.042012101673394829 0.013974003193638798 0.0055150436106934592
leaf_weight=18.015647108491976 36.056077138287947 663.86814221687382 93.273659185739234 10.41298486990854 28.042641001287848 18.751764927059412
leaf_count=843 248 6446 783 241 153 98
internal_value=0.000120499 -0.00182672 -0.000858305 0.0161525 -0.00186644 0.0286023
internal_weight=868.421 775.157 757.142 93.2635 38.4556 54.8078
internal_count=8812 8072 7229 740 394 346
is_linear=0
shrinkage=0.05


Tree=60
num_leaves=7
num_cat=0
split_feature=4 1 21 18 23 1
split_gain=14.0414 12.7087 11.2623 10.7069 15.0984 11.1334
threshold=1354.6903298900004 27.036149000000005 0.75556350000000017 0.82500000000000007 4.5000000000000009 21.934107500000003
decision_type=2 10 2 2 2 8
left_child=3 2 -2 5 -5 -1
right_child=1 -3 -4 4 -6 -7
leaf_value=0.0046292309986567933 -0.023705932366820139 0.01938034793286296 0.0055337412013868794 0.03902374444838827 -0.023425844186570479 -0.011592943480108624
leaf_weight=476.52653000352439 137.52920716296649 27.208480454050004 42.768094780854881 39.954696812666953 11.933770500123499 134.86450524278916
leaf_count=4200 2494 151 214 212 90 1518
internal_value=-0.000647339 -0.0119664 -0.0167778 0.00290651 0.0244897 0.00103775
internal_weight=870.785 207.506 180.297 663.28 51.8885 611.391
internal_count=8879 2859 2708 6020 302 5718
is_linear=0
shrinkage=0.05


Tree=61
num_leaves=7
num_cat=0
split_feature=0 21 5 0 21 0
split_gain=10.8717 16.1637 16.6986 14.7482 11.2092 14.3983
threshold=0.67091250000000013 0.048809500000000013 0.87715632983850567 0.65428300000000006 0.8634670000000001 0.96035300000000012
decision_type=2 2 2 2 2 2
left_child=1 2 -1 -3 -2 -6
right_child=4 3 -4 -5 5 -7
leaf_value=-0.035490823190035624 0.0029551057087261203 0.001418967214893394 0.011744253046387137 -0.079010711156981481 0.046538913263751092 -0.017031490643315366
leaf_weight=71.963419684499968 431.7226850737934 302.03217004344333 24.607303640106693 4.8088929560035458 31.569161811843514 11.659820090979336
leaf_count=2429 3521 2444 338 46 70 59
internal_value=0.000296912 -0.0057312 -0.0234578 -9.41137e-05 0.00541832 0.0293952
internal_weight=878.363 403.412 96.5707 306.841 474.952 43.229
internal_count=8907 5257 2767 2490 3650 129
is_linear=0
shrinkage=0.05


Tree=62
num_leaves=7
num_cat=0
split_feature=0 4 18 1 21 18
split_gain=12.4126 19.0416 15.6737 14.0888 9.94122 9.51582
threshold=0.8537070000000001 1267.2686745550002 0.68500000000000016 20.269224500000004 0.11189350000000002 0.73000000000000009
decision_type=2 2 2 8 2 2
left_child=1 5 -3 -2 -5 -1
right_child=3 2 -4 4 -6 -7
leaf_value=-0.0024403934137948459 0.021326220617438722 -0.038705141491033893 0.0031425939178695178 -0.012088951333590163 0.012447297572191396 0.023758884562860655
leaf_weight=443.20555866527138 118.28341941954568 64.560735917184502 33.753504888154566 92.088989344891161 73.185870211105794 36.591592057142407
leaf_count=4747 660 1643 394 894 337 240
internal_value=-0.000321437 -0.00452283 -0.0244509 0.00823005 -0.00121446 -0.000397053
internal_weight=861.67 578.111 98.3142 283.558 165.275 479.797
internal_count=8915 7024 2037 1891 1231 4987
is_linear=0
shrinkage=0.05


Tree=63
num_leaves=7
num_cat=0
split_feature=1 4 2 21 2 2
split_gain=14.3914 9.5955 11.9719 8.95328 5.97434 7.95641
threshold=7.418904050000001 1267.2686745550002 0.91835350000000016 0.42163750000000005 0.58495300000000017 0.62380300000000011
decision_type=10 2 2 2 2 2
left_child=4 3 -3 -2 -1 -6
right_child=1 2 -4 -5 5 -7
leaf_value=-0.02494039746565083 0.0035055506622606865 -0.01389839337109549 0.012119024888057682 0.019090296358951396 0.02699043935738828 -0.011825330916044714
leaf_weight=63.743809552106541 396.86204114626162 138.70045460935216 63.791718641296029 119.29126580711454 15.17295880615711 71.316098315175623
leaf_count=1848 3509 2107 302 402 116 595
internal_value=0.000576332 0.00352218 -0.00568277 0.00713738 -0.0134454 -0.00478513
internal_weight=868.878 718.645 202.492 516.153 150.233 86.4891
internal_count=8879 6320 2409 3911 2559 711
is_linear=0
shrinkage=0.05


Tree=64
num_leaves=7
num_cat=0
split_feature=4 0 24 28 12 1
split_gain=12.8317 9.05336 12.2419 9.5392 5.58943 6.51796
threshold=2012.2690599350003 0.67091250000000013 1.5000000000000002 0.71705171500000009 1.0000000180025095e-35 6.818438500000001
decision_type=2 2 2 10 8 8
left_child=1 2 -1 -3 -2 -6
right_child=4 3 -4 -5 5 -7
leaf_value=-0.016001682917684279 0.00016150307884048117 0.014778810620332034 0.0029001404668233129 -0.00080799517545103059 0.022472435897657003 -0.029411513812669071
leaf_weight=144.06291074934416 31.226354446262121 176.40061944379704 208.57727679633535 219.54147266363725 5.912270486354827 67.96753804013133
leaf_count=2947 495 1267 1539 1484 46 1103
internal_value=-0.00133121 0.000974045 -0.00484517 0.006156 -0.0176041 -0.0250148
internal_weight=853.688 748.582 352.64 395.942 105.106 73.8798
internal_count=8881 7237 4486 2751 1644 1149
is_linear=0
shrinkage=0.05


Tree=65
num_leaves=7
num_cat=0
split_feature=3 0 4 4 28 28
split_gain=10.7847 11.7609 13.6394 10.9352 8.42763 6.83771
threshold=4.5000000000000009 0.22388050000000001 554.30336953500012 185.60205920000001 0.55813973500000003 0.48912014000000009
decision_type=2 2 2 2 10 10
left_child=1 5 -3 -2 -5 -1
right_child=3 2 -4 4 -6 -7
leaf_value=-0.050505994613021965 -0.071464852542600446 0.0082171813782828586 -0.0062734471748592622 -0.020149589917627379 0.025837022505275659 -0.012357799051588333
leaf_weight=17.056545402156189 2.4749924167990676 251.15427718276624 455.21249695547158 10.828164309263228 70.079357421025634 36.387877449626103
leaf_count=847 20 1913 5082 70 218 679
internal_value=-0.00096449 -0.00284436 -0.00111686 0.0159963 0.0195116 -0.0252367
internal_weight=843.194 759.811 706.367 83.3825 80.9075 53.4444
internal_count=8829 8521 6995 308 288 1526
is_linear=0
shrinkage=0.05


Tree=66
num_leaves=7
num_cat=0
split_feature=8 3 18 0 1 22
split_gain=8.46565 10.1834 10.0617 13.3495 8.46881 7.17224
threshold=146.50000000000003 2.5000000000000004 1.0000000180025095e-35 0.62128700000000003 13.659136500000001 2.5000000000000004
decision_type=10 2 2 2 10 2
left_child=2 4 3 -1 -2 -4
right_child=1 -3 5 -5 -6 -7
leaf_value=-0.014098233997128519 -0.044257405661917291 0.024965489514167577 0.021519177992103369 0.00075777536667877537 0.0089264106306340806 -0.0068812702654638142
leaf_weight=235.87646637478611 10.43670793483034 62.779899282613769 67.542702008038759 417.90458616230171 20.930479699512944 32.312848115805537
leaf_count=3679 348 418 610 3391 223 211
internal_value=-0.00058255 0.0134728 -0.00235392 -0.00461544 -0.00958991 0.0123518
internal_weight=847.784 94.1471 753.637 653.781 31.3672 99.8556
internal_count=8880 989 7891 7070 571 821
is_linear=0
shrinkage=0.05


Tree=67
num_leaves=7
num_cat=0
split_feature=1 4 18 8 10 24
split_gain=11.4995 15.6739 12.6193 10.9271 11.3257 7.86353
threshold=15.139119500000001 1089.0123046450001 1.0000000180025095e-35 82.500000000000014 17.500000000000004 1.0000000180025095e-35
decision_type=10 2 2 10 2 2
left_child=1 5 -3 4 -2 -1
right_child=3 2 -4 -5 -6 -7
leaf_value=-0.012270012998867402 0.030615016162824717 -0.035786270221722337 0.0014089452792481495 0.028655151998718865 -0.00039524189047460752 0.0038256242651333802
leaf_weight=108.74858206114732 31.497724956134334 67.210948580497643 34.144732873421162 44.285241541219875 313.08067840721924 244.96158555429429
leaf_count=2149 298 1582 442 275 2383 1730
internal_value=-0.000744112 -0.00613323 -0.0233646 0.00556204 0.00251978 -0.00114364
internal_weight=843.929 455.066 101.356 388.864 344.578 353.71
internal_count=8859 5903 2024 2956 2681 3879
is_linear=0
shrinkage=0.05


Tree=68
num_leaves=7
num_cat=0
split_feature=21 0 4 20 0 4
split_gain=10.47 15.437 16.7066 6.56241 5.67587 4.30199
threshold=0.048809500000000013 0.98880600000000007 795.47374487500008 0.48043184885290152 1.0000000180025095e-35 586.23258708500009
decision_type=2 2 2 2 2 2
left_child=1 2 -1 4 -2 -3
right_child=3 5 -4 -5 -6 -7
leaf_value=-0.0016172256919170657 -0.013773146685472854 -0.013187117685131153 -0.027007573019289202 -0.064254832479946164 0.0070041374212421867 0.015584420895773402
leaf_weight=153.53628389362711 34.496835449943319 14.667903733439742 111.25636392724118 2.3984810989350072 456.31507491692901 80.375559077132493
leaf_count=2183 766 121 2547 25 2652 603
internal_value=0.000322828 -0.0061527 -0.0123468 0.00505013 0.00551877 0.0110531
internal_weight=853.047 359.836 264.793 493.21 490.812 95.0435
internal_count=8897 5454 4730 3443 3418 724
is_linear=0
shrinkage=0.05


Tree=69
num_leaves=7
num_cat=0
split_feature=1 21 10 4 21 21
split_gain=8.59555 14.2738 13.3816 17.7466 13.2052 9.86423
threshold=17.072136000000004 0.42163750000000005 17.500000000000004 2106.2422863750003 0.33447450000000006 0.97460350000000007
decision_type=10 2 2 2 2 2
left_child=1 4 -2 -4 -1 -3
right_child=2 5 3 -5 -6 -7
leaf_value=-0.0083803436788556715 0.037394190888197724 0.014870472817893913 0.0064468966190928765 -0.033815179397413457 -0.049434005962452052 -0.0084822398744868344
leaf_weight=293.64319610549137 29.278626652434468 119.7387673011981 282.36132978659589 29.300339548150077 20.066966911777854 71.472913108766079
leaf_count=4977 251 769 1838 407 265 421
internal_value=-0.000467008 -0.00460531 0.00565723 0.00256568 -0.0111551 0.00614276
internal_weight=845.862 504.922 340.94 311.662 313.71 191.212
internal_count=8928 6432 2496 2245 5242 1190
is_linear=0
shrinkage=0.05


Tree=70
num_leaves=7
num_cat=0
split_feature=21 4 0 8 1 5
split_gain=9.33476 16.7566 12.753 10.1502 7.37343 8.09339
threshold=0.71921200000000007 1267.2686745550002 0.9511440000000001 201.50000000000003 15.139119500000001 0.19871987650459758
decision_type=2 2 2 8 10 2
left_child=1 3 -3 -1 -2 -6
right_child=4 2 -4 -5 5 -7
leaf_value=0.023848703811205033 0.0042984951294411482 -0.028739415114981039 -0.0012251253837800612 -2.8797048514411996e-05 -0.064690879981247146 0.034095892892865971
leaf_weight=47.979907943168655 94.221596336457878 89.227708704216639 79.153920435346663 487.43070480646566 1.2817316129803646 39.737074143951759
leaf_count=285 577 2193 643 5076 8 114
internal_value=0.00013502 -0.00218114 -0.0158889 0.00215142 0.0121159 0.029543
internal_weight=839.033 703.792 168.382 535.411 135.24 41.0188
internal_count=8896 8197 2836 5361 699 122
is_linear=0
shrinkage=0.05


Tree=71
num_leaves=7
num_cat=0
split_feature=1 18 8 6 13 2
split_gain=8.9812 10.69 10.2453 9.15648 11.4778 6.0675
threshold=11.713729500000001 0.76000000000000012 82.500000000000014 5.5920779406479992 0.94000000000000006 0.48964800000000003
decision_type=10 2 10 2 2 2
left_child=3 2 -2 5 -5 -1
right_child=1 -3 -4 4 -6 -7
leaf_value=-0.032257750269395404 -0.00046624108347566588 0.034550517320644319 0.021314149294860939 -0.01669699311756237 0.012792909313124119 0.012086784006777651
leaf_weight=7.6317736206110558 427.0059921326465 26.113494526594877 60.800974311656319 194.54426157084526 38.921810620930046 74.193490986712277
leaf_count=337 3752 88 470 3290 402 522
internal_value=-8.36085e-05 0.00398987 0.00228655 -0.00671495 -0.0117471 0.00761128
internal_weight=829.212 513.92 487.807 315.291 233.466 81.8253
internal_count=8861 4310 4222 4551 3692 859
is_linear=0
shrinkage=0.05


Tree=72
num_leaves=7
num_cat=0
split_feature=24 0 5 6 20 13
split_gain=6.80254 11.6712 14.595 12.516 5.26555 8.99285
threshold=1.5000000000000002 0.87902300000000011 0.73911951405840071 6.5550841542142484 1.0000000180025095e-35 0.46200000000000002
decision_type=2 2 2 2 2 2
left_child=1 3 -3 -1 -2 -6
right_child=4 2 -4 -5 5 -7
leaf_value=-0.0027450473591389699 0.024002280680706797 0.01011010960471237 -0.037203126174009053 -0.024690660716290527 -0.025068881699482827 0.0050473651804684716
leaf_weight=172.79710987536237 30.717382068745792 160.7359145116061 17.142336453776807 103.39790532347979 25.910880312556401 314.45319452811964
leaf_count=2247 204 1216 129 2587 228 2296
internal_value=-0.00050311 -0.0046026 0.00536799 -0.0110202 0.00451211 0.00268799
internal_weight=825.155 454.073 177.878 276.195 371.081 340.364
internal_count=8907 6179 1345 4834 2728 2524
is_linear=0
shrinkage=0.05


Tree=73
num_leaves=7
num_cat=0
split_feature=1 4 21 21 13 0
split_gain=9.43034 10.7185 11.5085 8.57033 9.83413 7.26371
threshold=11.713729500000001 597.22100913000008 0.79057050000000018 0.49657550000000006 0.46200000000000002 0.90131100000000008
decision_type=10 2 2 2 2 2
left_child=3 5 -3 -1 -5 -2
right_child=1 2 -4 4 -6 -7
leaf_value=-0.013436369113695217 0.019397598942819116 -0.0035334606418395507 0.024360895243767257 -0.06076656056566996 0.0060611311904057042 -0.0091243182924771495
leaf_weight=177.31974785227794 143.55991124222055 312.33423620788381 40.924103194847703 4.7499622823670498 129.57811022968963 25.785640060901642
leaf_count=3676 749 3357 119 78 833 92
internal_value=0.000622501 0.0047247 -0.000242325 -0.0062496 0.00326647 0.0150266
internal_weight=834.252 522.604 353.258 311.648 134.328 169.346
internal_count=8904 4317 3476 4587 911 841
is_linear=0
shrinkage=0.05


Tree=74
num_leaves=7
num_cat=0
split_feature=0 28 0 4 12 0
split_gain=8.72522 11.196 7.88467 7.53758 6.51257 5.75781
threshold=0.21151850000000003 0.48912014000000009 0.13558200000000001 361.31758183000005 inf 0.56226150000000008
decision_type=2 10 2 2 8 2
left_child=1 -1 -3 5 -5 -2
right_child=3 2 -4 4 -6 -7
leaf_value=-0.053494005188701378 0.00023566371364356619 0.0022353940708118329 -0.065183588094162914 0.0018035270765103658 -0.0093119811399193213 0.018652293680167086
leaf_weight=15.936219851719214 79.647641350748017 38.629252633516444 3.877117356285452 398.20805984217441 195.76938608824275 89.912292996421456
leaf_count=840 738 638 82 4213 1986 377
internal_value=-0.000647536 -0.0190992 -0.00527098 0.000787925 -0.00186953 0.0100535
internal_weight=821.98 58.4426 42.5064 763.537 593.977 169.56
internal_count=8874 1560 720 7314 6199 1115
is_linear=0
shrinkage=0.05


Tree=75
num_leaves=7
num_cat=0
split_feature=0 4 5 27 24 8
split_gain=9.77002 10.4323 12.4648 6.42186 6.49227 4.11859
threshold=0.27765500000000004 361.31758183000005 0.763108790366815 0.070000000000000021 7.5000000000000009 197.50000000000003
decision_type=2 2 2 2 2 10
left_child=3 5 -3 4 -1 -2
right_child=1 2 -4 -5 -6 -7
leaf_value=-0.020140001698676999 0.013493498281712863 -0.000539568856016232 -0.048094266122834295 -0.054089463047033909 0.016269237646368475 -0.048064341078848855
leaf_weight=49.421698859223397 162.73571269249078 567.51113719819114 13.123251257929949 9.3929804430808854 15.339165696175767 1.8056643465533841
leaf_count=1043 989 5843 191 585 189 46
internal_value=-0.000272209 0.00145879 -0.00169522 -0.0174551 -0.0113999 0.0125317
internal_weight=819.33 745.176 580.634 74.1538 64.7609 164.541
internal_count=8886 7069 6034 1817 1232 1035
is_linear=0
shrinkage=0.05


Tree=76
num_leaves=7
num_cat=0
split_feature=4 0 21 13 0 13
split_gain=6.88243 9.58338 14.8693 6.85868 8.42682 6.05456
threshold=1267.2686745550002 0.82921850000000008 0.55662400000000012 0.94000000000000006 0.62128700000000003 0.52500000000000013
decision_type=2 2 2 2 2 2
left_child=3 2 -2 4 -1 -3
right_child=1 5 -4 -5 -6 -7
leaf_value=-0.0048865917622442608 -0.039739647683370898 -0.0094474151701933965 0.0016215178835520692 0.019374131647150655 0.0075883032781157642 0.012145271272428348
leaf_weight=248.79671095553203 43.488488305243663 60.637443805113435 42.327903211815283 61.496929849381559 294.63510711118579 67.628116618841887
leaf_count=3301 1644 610 309 479 1981 549
internal_value=0.000959781 -0.00672538 -0.0195551 0.00368614 0.0018785 0.00194323
internal_weight=819.011 214.082 85.8164 604.929 543.432 128.266
internal_count=8873 3112 1953 5761 5282 1159
is_linear=0
shrinkage=0.05


Tree=77
num_leaves=7
num_cat=0
split_feature=8 0 24 22 8 28
split_gain=5.94804 6.35185 10.3499 6.52698 5.97686 3.45006
threshold=200.50000000000003 0.8537070000000001 1.0000000180025095e-35 3.5000000000000004 82.500000000000014 0.83474340000000014
decision_type=8 2 2 2 10 10
left_child=4 2 -2 -3 -1 -6
right_child=1 3 -4 -5 5 -7
leaf_value=-0.051420917190785169 -0.015622425428937292 0.0059138839970859997 -0.00026460811225005658 -0.029460341354444336 0.01203322888888823 0.049633553719671708
leaf_weight=2.4860437461175016 167.64803855889477 246.33377564558759 313.97110277391039 12.780438680201767 60.949609506875277 5.9896192960441104
leaf_count=39 3815 1751 2757 85 425 18
internal_value=-0.000922373 -0.00223977 -0.00563184 0.00406255 0.0129658 0.0160787
internal_weight=810.159 740.733 481.619 259.114 69.4253 66.9392
internal_count=8890 8408 6572 1836 482 443
is_linear=0
shrinkage=0.05


Tree=78
num_leaves=7
num_cat=0
split_feature=5 18 1 1 4 8
split_gain=7.3311 9.45373 14.0071 7.13825 8.66787 7.62166
threshold=0.57178142818226407 1.0000000180025095e-35 13.671197000000001 8.7683315000000022 789.56194688500011 274.50000000000006
decision_type=2 2 10 10 2 10
left_child=1 2 -1 4 -2 -5
right_child=3 -3 -4 5 -6 -7
leaf_value=-0.027313582472238758 -0.0092164557704075382 0.013099721558463583 -0.0026820156889751649 0.0069715992097446377 0.030100348825221609 0.050011195046461787
leaf_weight=75.975861883140169 128.6637921014335 57.519481332739815 231.75428222329356 294.9577707555145 14.737742385361342 9.6982772224582714
leaf_count=1763 1830 552 2459 2122 99 48
internal_value=-0.000102105 -0.00535195 -0.00883211 0.00417987 -0.0049953 0.00850084
internal_weight=813.307 365.25 307.73 448.058 143.402 304.656
internal_count=8873 4774 4222 4099 1929 2170
is_linear=0
shrinkage=0.05


Tree=79
num_leaves=7
num_cat=0
split_feature=4 1 28 28 18 0
split_gain=5.92142 7.46935 13.4684 11.9124 7.25396 10.6951
threshold=658.67124380000007 13.193966500000002 0.57721735000000007 0.79017090000000012 1.0000000180025095e-35 0.37744250000000007
decision_type=2 10 10 10 2 2
left_child=1 2 -1 -3 5 -2
right_child=4 3 -4 -5 -6 -7
leaf_value=0.0072971104652017589 -0.032552691565903229 0.021686348687548911 -0.019995384418115564 -0.0079140659990529338 0.01168913228662783 -0.0035467988538259772
leaf_weight=142.33930599759333 34.002386111227679 114.24126592278481 65.029299961170182 47.593928068876266 65.552669913042337 349.65241837815847
leaf_count=1664 867 566 791 234 616 4142
internal_value=0.000286908 0.00497096 -0.00131651 0.0129861 -0.00356541 -0.00619547
internal_weight=818.411 369.204 207.369 161.835 449.207 383.655
internal_count=8880 3255 2455 800 5625 5009
is_linear=0
shrinkage=0.05


Tree=80
num_leaves=7
num_cat=0
split_feature=18 0 20 6 1 27
split_gain=8.49584 9.42639 8.80168 7.59772 7.41442 4.9948
threshold=1.0000000180025095e-35 0.27765500000000004 0.207843137254902 7.1454079947646116 6.5437931500000008 0.11451990632318503
decision_type=2 2 2 2 10 2
left_child=1 2 -1 -3 5 -2
right_child=4 3 -4 -5 -6 -7
leaf_value=-0.042641250388032244 0.0046053323158912925 0.0023587619496624199 -0.0015853480695385378 -0.01017353514620576 0.024466898765994463 -0.041430351454442731
leaf_weight=26.049687574617565 31.990551930386573 486.61321165366098 25.3858228395693 159.83211388054769 58.088481067214161 6.1826346307061604
leaf_count=1148 395 4189 273 2375 280 155
internal_value=-0.000479493 -0.00240575 -0.0227949 -0.000750747 0.0133667 -0.00371802
internal_weight=794.143 697.881 51.4355 646.445 96.2617 38.1732
internal_count=8815 7985 1421 6564 830 550
is_linear=0
shrinkage=0.05


Tree=81
num_leaves=7
num_cat=0
split_feature=0 27 24 20 13 6
split_gain=5.92699 11.4822 11.7978 7.1323 11.2901 8.40894
threshold=0.55168200000000012 0.0041235071036395546 1.5000000000000002 0.08033826638477802 0.64600000000000002 5.7342724757436274
decision_type=2 2 2 2 2 2
left_child=1 2 -1 5 -5 -2
right_child=3 -3 -4 4 -6 -7
leaf_value=-0.017625657080499024 0.02062145870275553 -0.03761282305838283 0.004834867990183454 -0.0010309449889737059 0.022318841714030146 -0.0049060536743371986
leaf_weight=89.159777707303874 35.367910204455256 25.594450774864526 165.46682370011695 110.92001587664708 95.940480885095894 285.09821065503638
leaf_count=2092 193 1114 1117 521 416 3495
internal_value=-0.000482359 -0.0063458 -0.00306807 0.00263958 0.0098538 -0.00203335
internal_weight=807.548 280.221 254.627 527.327 206.86 320.466
internal_count=8948 4323 3209 4625 937 3688
is_linear=0
shrinkage=0.05


Tree=82
num_leaves=7
num_cat=0
split_feature=1 21 21 21 13 0
split_gain=9.24182 10.5474 9.12811 10.3832 9.50609 8.40445
threshold=12.380378500000001 0.74482050000000011 0.42163750000000005 0.97460350000000007 0.37600000000000006 0.44587650000000006
decision_type=10 2 2 2 2 2
left_child=2 5 4 -4 -1 -2
right_child=1 -3 3 -5 -6 -7
leaf_value=0.042675986078065255 0.032995116288493928 0.02636250007649743 0.013277811759441528 -0.013999681330703846 -0.016486794508477249 0.00040968069167978918
leaf_weight=6.1356114740483454 19.781987192924134 48.370885472744703 89.381913227727637 55.845192013308406 168.07704297313467 414.31980391708203
leaf_count=32 134 157 668 370 3693 3794
internal_value=9.79345e-05 0.00446228 -0.00648721 0.0027646 -0.0141715 0.00196702
internal_weight=801.912 482.473 319.44 145.227 174.213 434.102
internal_count=8848 4085 4763 1038 3725 3928
is_linear=0
shrinkage=0.05


Tree=83
num_leaves=7
num_cat=0
split_feature=21 20 18 8 23 1
split_gain=9.05444 8.08562 9.77988 7.50904 7.17427 6.19496
threshold=0.42163750000000005 0.17517006802721091 0.91500000000000015 144.50000000000003 6.5000000000000009 17.072136000000004
decision_type=2 2 2 8 2 10
left_child=1 2 -1 -2 -5 -3
right_child=3 5 -4 4 -6 -7
leaf_value=-0.0029286863914195732 -0.069234704936580849 -0.053085022801173755 0.047029085038252143 0.013642279116990653 -0.0088343411886607059 0.0061450584669124264
leaf_weight=533.18728374826605 2.0810509333387017 12.795888559659945 8.9811194492503983 190.05653392407112 42.87272427463904 6.2110140137374392
leaf_count=7075 26 229 50 1070 356 22
internal_value=0.000279028 -0.0031718 -0.00201607 0.0084977 0.00948517 -0.0343903
internal_weight=796.186 561.175 542.168 235.01 232.929 19.0069
internal_count=8828 7376 7125 1452 1426 251
is_linear=0
shrinkage=0.05


Tree=84
num_leaves=7
num_cat=0
split_feature=2 6 5 21 2 0
split_gain=9.7034 10.3127 7.87297 7.49346 6.6634 7.68322
threshold=0.67917550000000015 6.9675465413636495 0.50960353794058089 0.83095200000000002 0.69347950000000014 0.59211650000000005
decision_type=2 2 2 2 2 2
left_child=1 2 -1 -3 -2 -6
right_child=4 3 -4 -5 5 -7
leaf_value=0.029055840871978513 0.030547575565439602 -0.031105257288834509 -0.0048002762672336658 0.002422186099646693 -0.0094906176324195107 0.0058615144279295841
leaf_weight=17.846233115065843 21.059944900916889 62.695589681796264 192.57343712169677 22.385258488822728 104.17510480573401 361.50180967897177
leaf_count=146 132 2049 2950 145 966 2482
internal_value=-0.000645687 -0.00777819 -0.001805 -0.0223583 0.00369156 0.00241416
internal_weight=782.237 295.501 210.42 85.0808 486.737 465.677
internal_count=8870 5290 3096 2194 3580 3448
is_linear=0
shrinkage=0.05


Tree=85
num_leaves=7
num_cat=0
split_feature=1 0 13 18 3 1
split_gain=8.05142 8.07205 9.65521 6.97723 9.43077 5.76722
threshold=15.720197000000001 0.73323400000000005 0.46200000000000002 1.0000000180025095e-35 2.5000000000000004 18.042370000000002
decision_type=10 2 2 2 2 10
left_child=3 5 -3 4 -1 -2
right_child=1 2 -4 -5 -6 -7
leaf_value=-0.0222218783009447 0.0089831557345777975 -0.012547922862415954 0.013195065400129297 0.0091980565965772195 -0.0025792327553411853 -0.023145157376116367
leaf_weight=76.640387909428682 22.086842939606868 41.594106087926775 257.16008250485174 83.45885674492456 288.56083981064148 35.082758972537704
leaf_count=2036 236 335 1779 778 3293 458
internal_value=0.000681395 0.00628768 0.00958109 -0.00377019 -0.00675082 -0.0107917
internal_weight=804.584 355.924 298.754 448.66 365.201 57.1696
internal_count=8915 2808 2114 6107 5329 694
is_linear=0
shrinkage=0.05


Tree=86
num_leaves=7
num_cat=0
split_feature=2 4 18 8 10 4
split_gain=8.01306 9.69026 8.82128 8.69235 8.50302 6.60714
threshold=0.67917550000000015 1083.7581934350003 0.68500000000000016 82.500000000000014 17.500000000000004 417.52840498500007
decision_type=2 2 2 10 2 2
left_child=1 4 -3 5 -1 -2
right_child=3 2 -4 -5 -6 -7
leaf_value=-0.040646402552692612 0.011680611653197573 -0.030157940143319184 0.00526897175004755 0.022941881113614213 0.0021384436089273025 -0.0018210595174554499
leaf_weight=11.303905785782261 126.11436124332249 60.661368851957377 24.20169029943645 55.21713001979515 205.72532571409829 314.80657388269901
leaf_count=580 687 1827 373 291 2528 2615
internal_value=0.000518836 -0.00589263 -0.020111 0.00442412 -0.000266199 0.00205845
internal_weight=798.03 301.892 84.8631 496.138 217.029 440.921
internal_count=8901 5308 2200 3593 3108 3302
is_linear=0
shrinkage=0.05


Tree=87
num_leaves=7
num_cat=0
split_feature=4 2 8 2 2 21
split_gain=8.15275 6.90056 10.2442 9.18564 5.63246 7.29343
threshold=1903.9434214800001 0.54675350000000011 266.50000000000006 0.55452200000000007 0.94261750000000011 0.11070250000000002
decision_type=2 2 10 2 2 2
left_child=1 2 -1 -3 -2 -6
right_child=4 3 -4 -5 5 -7
leaf_value=-0.012598819974076823 -0.018349988874479424 0.047290599327178634 0.037684591379839538 0.0036707981600122928 0.029322390227522501 -0.022373260368799795
leaf_weight=115.59405643312493 86.106581400381401 11.353455483214928 10.125079311081207 545.95568974851631 15.296151278540494 10.803293442353604
leaf_count=2787 1736 78 158 4029 89 58
internal_value=0.000197959 0.00225468 -0.0082837 0.00464253 -0.0122312 0.00788813
internal_weight=795.234 683.028 125.719 557.309 112.206 26.0994
internal_count=8935 7052 2945 4107 1883 147
is_linear=0
shrinkage=0.05


Tree=88
num_leaves=7
num_cat=0
split_feature=8 1 21 1 8 2
split_gain=8.36653 9.69219 9.65943 8.16967 5.35792 6.03725
threshold=200.50000000000003 11.713729500000001 0.74482050000000011 11.022336500000003 176.50000000000003 0.54358250000000019
decision_type=8 10 2 10 10 2
left_child=4 3 -3 -2 5 -1
right_child=1 2 -4 -5 -6 -7
leaf_value=-0.030408746813542997 -0.0072179775654418396 0.00087518021348924585 0.024323004836358932 -0.059734880660743332 0.038743147827954731 0.016090029448591808
leaf_weight=7.5589407634688532 244.20425946029718 431.21130435692612 47.914846318773925 6.6660209423862389 19.787486323155463 37.686822825809941
leaf_count=167 4111 3974 154 192 116 205
internal_value=0.000637902 -0.000902588 0.00326585 -0.00884506 0.0176817 0.00783219
internal_weight=795.03 729.996 479.126 250.87 65.0332 45.2458
internal_count=8919 8431 4128 4303 488 372
is_linear=0
shrinkage=0.05


Tree=89
num_leaves=7
num_cat=0
split_feature=21 1 4 1 1 13
split_gain=10.8556 8.02711 12.2242 6.00721 8.65148 8.04852
threshold=0.042262000000000008 8.6064110000000014 277.17334353000007 20.137246500000003 19.220404500000004 0.46200000000000002
decision_type=2 10 2 10 10 2
left_child=1 -1 -3 4 -2 -5
right_child=3 2 -4 5 -6 -7
leaf_value=-0.028278453550746076 0.0037237762105601503 0.022894149239416232 -0.0075450070996998745 -0.031423708237883131 -0.042879179411700996 0.020819815009616424
leaf_weight=36.546841251896694 351.33587394829374 36.751661490648985 261.06886811449658 7.165509362705051 9.2512246016412956 86.897072300314903
leaf_count=1375 2978 237 3825 55 63 348
internal_value=0.000343132 -0.00648479 -0.00372471 0.00536787 0.00241285 0.0165513
internal_weight=789.017 334.367 297.821 454.65 360.587 94.0626
internal_count=8881 5437 4062 3444 3041 403
is_linear=0
shrinkage=0.05


Tree=90
num_leaves=7
num_cat=0
split_feature=18 4 8 27 2 2
split_gain=7.60508 7.65659 8.84273 6.69253 7.08844 5.12373
threshold=1.0000000180025095e-35 361.31758183000005 438.50000000000006 0.12980295566502467 0.88688700000000009 0.42062500000000008
decision_type=2 2 8 2 2 2
left_child=1 5 -3 4 -2 -1
right_child=3 2 -4 -5 -6 -7
leaf_value=-0.047092533895130372 0.025250524130953595 0.0084441196817164037 -0.0083950745907869825 -0.031323578052610476 -0.0053119229950532223 0.0082904005490345278
leaf_weight=3.2998524169670409 63.848591150250286 94.752197158522904 421.49248047426227 7.0885152476839712 26.387250975705683 165.71453436720185
leaf_count=267 552 1005 5560 143 137 1230
internal_value=-0.000408448 -0.00227126 -0.00529404 0.0125973 0.016353 0.00693847
internal_weight=782.583 685.259 516.245 97.3244 90.2358 169.014
internal_count=8894 8062 6565 832 689 1497
is_linear=0
shrinkage=0.05


Tree=91
num_leaves=7
num_cat=0
split_feature=4 0 28 0 2 1
split_gain=6.84059 6.50485 8.67743 8.00195 6.49589 3.82521
threshold=361.31758183000005 0.12658950000000005 0.65192437000000003 0.29444100000000001 0.42062500000000008 7.418904050000001
decision_type=2 2 10 2 2 8
left_child=4 2 -2 -3 -1 -6
right_child=1 3 -4 -5 5 -7
leaf_value=-0.049329704729042363 -0.039266134998104149 0.022239346588011442 0.024085363303309664 -0.002315613287821447 -0.0089575226373501578 0.013031129845038833
leaf_weight=3.6948553870897731 22.173676779959354 34.341236124862917 6.3058504488435565 541.47852112469263 21.813952658558264 161.15742899407633
leaf_count=290 840 360 140 5973 287 1010
internal_value=0.000597199 -0.0019894 -0.0248978 -0.000815167 0.00893683 0.0103752
internal_weight=790.966 604.299 28.4795 575.82 186.666 182.971
internal_count=8900 7313 980 6333 1587 1297
is_linear=0
shrinkage=0.05


Tree=92
num_leaves=7
num_cat=0
split_feature=1 21 4 12 4 2
split_gain=7.84526 10.2976 7.13477 8.57658 6.54525 4.92315
threshold=9.2732530000000022 0.74482050000000011 217.47253519500003 1.0000000180025095e-35 2012.2690599350003 0.6095195000000001
decision_type=10 2 2 10 2 2
left_child=2 4 -1 -4 -2 -3
right_child=1 5 3 -5 -6 -7
leaf_value=0.0065851042358748297 0.00067610208694569439 0.040391635288575534 -0.028733658562988814 -0.0050521870210220744 -0.016835338804681983 0.010178034946626807
leaf_weight=46.459866938996129 447.83320039452519 19.197837415151298 68.333275401266292 86.414415451523382 59.569078749744222 43.676601691171527
leaf_count=578 4161 67 1497 1346 1040 157
internal_value=-0.00202853 0.000970282 -0.0104907 -0.0156268 -0.00140881 0.0198913
internal_weight=771.484 570.277 201.208 154.748 507.402 62.8744
internal_count=8846 5425 3421 2843 5201 224
is_linear=0
shrinkage=0.05


Tree=93
num_leaves=7
num_cat=0
split_feature=1 1 24 8 28 5
split_gain=8.68958 11.5415 9.11356 8.00369 10.8271 8.91838
threshold=7.418904050000001 4.9218672500000009 3.5000000000000004 84.500000000000014 0.87405061500000014 0.44698906897569934
decision_type=10 8 2 10 8 2
left_child=1 2 -1 4 -2 -5
right_child=3 -3 -4 5 -6 -7
leaf_value=-0.022446650381086574 -0.0049211010541239282 -0.018619928451623195 0.036086423944826966 -0.0082502793134335943 0.0094958607005960309 0.025524748965255136
leaf_weight=9.1514315743697825 348.90055101749022 106.87025751816691 18.975880092941225 26.636161054251716 206.434410240734 68.447661366430111
leaf_count=227 3346 2229 112 406 2090 435
internal_value=0.000352175 -0.0111439 0.0169254 0.00275169 0.000445545 0.0160758
internal_weight=785.416 134.998 28.1273 650.419 555.335 95.0838
internal_count=8845 2568 339 6277 5436 841
is_linear=0
shrinkage=0.05


Tree=94
num_leaves=7
num_cat=0
split_feature=0 5 21 20 2 8
split_gain=5.36619 11.5926 17.3421 7.88126 7.38766 6.22892
threshold=0.73323400000000005 0.81505593049082092 0.10934000000000001 0.42016806722689076 0.89923950000000008 325.50000000000006
decision_type=2 2 2 2 2 8
left_child=1 2 -1 5 -3 -2
right_child=3 4 -4 -5 -6 -7
leaf_value=-0.029132989511683857 0.023977379518631773 0.015529118037930634 -0.0017316249460039475 -0.064427778823306012 -0.016798425343366313 0.0028743348769975814
leaf_weight=78.665087405359372 38.02968012727797 93.024180861655623 210.34849864430726 3.1296772956848136 20.893369652330875 340.30995601997711
leaf_count=2654 230 984 2050 14 110 2852
internal_value=7.1661e-05 -0.0039475 -0.0092646 0.00431617 0.00950541 0.00505317
internal_weight=784.4 402.931 289.014 381.469 113.918 378.34
internal_count=8894 5798 4704 3096 1094 3082
is_linear=0
shrinkage=0.05


Tree=95
num_leaves=7
num_cat=0
split_feature=5 0 18 4 1 4
split_gain=5.90174 10.0205 8.70262 8.25381 4.5404 8.23433
threshold=0.54846181832050467 0.76397350000000019 0.68500000000000016 1007.3340749650001 16.752547500000002 135.54568267000002
decision_type=2 2 2 2 10 2
left_child=1 2 -1 -3 -2 -6
right_child=4 3 -4 -5 5 -7
leaf_value=-0.02642215238309897 0.00017656412099160509 -0.037070279127217075 0.0017431520721873117 0.003984167088975918 -0.051154543240893413 0.013137769692850824
leaf_weight=78.146053926378954 313.73007411276922 12.05863455776125 41.788817573804408 195.22564959316514 4.1952132862061253 138.60524683119729
leaf_count=2144 3556 144 451 1793 25 783
internal_value=-0.000121058 -0.00523709 -0.0166753 0.00142934 0.0035493 0.0109064
internal_weight=783.75 327.219 119.935 207.284 456.531 142.8
internal_count=8896 4532 2595 1937 4364 808
is_linear=0
shrinkage=0.05


Tree=96
num_leaves=7
num_cat=0
split_feature=4 4 18 1 23 27
split_gain=9.61842 8.1455 6.13069 4.3666 5.52532 3.99444
threshold=2012.2690599350003 1971.7097940850001 0.78500000000000014 8.0619585000000011 3.5000000000000004 0.039444444444444456
decision_type=2 2 2 8 2 2
left_child=1 2 -1 -2 -5 -3
right_child=3 5 -4 4 -6 -7
leaf_value=0.00039725346318368284 0.017495032935963606 0.05395795340810311 0.016992093132595223 -0.01313333122523418 -0.05342009294823722 -0.02859576835552953
leaf_weight=620.22245764202671 8.9073374726576713 9.6193423562217486 60.147179998923093 76.103273846325465 8.81380672380328 1.062385344877838
leaf_count=6713 114 62 432 1322 198 37
internal_value=0.000555146 0.00260071 0.00188708 -0.0143797 -0.0178879 0.0440023
internal_weight=784.876 691.051 680.37 93.8244 84.9171 10.6817
internal_count=8878 7244 7145 1634 1520 99
is_linear=0
shrinkage=0.05


Tree=97
num_leaves=7
num_cat=0
split_feature=24 0 4 4 1 1
split_gain=7.63289 9.12638 9.66135 7.51083 5.10972 8.91951
threshold=1.0000000180025095e-35 0.47101300000000007 795.47374487500008 185.60205920000001 13.099069000000002 9.957275000000001
decision_type=2 2 2 2 10 10
left_child=1 3 -3 -1 5 -2
right_child=4 2 -4 -5 -6 -7
leaf_value=0.00081347488057539755 0.0034014227545065149 0.0062954491000267836 -0.012412738098359086 -0.045145498457741434 0.0088535893646239806 -0.01940519637368892
leaf_weight=13.427633173181674 185.67862858972512 127.08005277183838 148.82825853000395 25.103632456855848 206.94254338555038 54.661633013980463
leaf_count=299 1982 1093 2548 1398 1101 466
internal_value=-0.00108073 -0.00703838 -0.00380435 -0.029514 0.00311385 -0.0018445
internal_weight=761.722 314.44 275.908 38.5313 447.283 240.34
internal_count=8887 5338 3641 1697 3549 2448
is_linear=0
shrinkage=0.05


Tree=98
num_leaves=7
num_cat=0
split_feature=21 2 28 10 1 13
split_gain=7.92025 12.3059 12.2952 9.15582 7.08582 8.44258
threshold=0.20530350000000003 0.86039500000000013 0.56352487000000007 17.500000000000004 20.137246500000003 0.46200000000000002
decision_type=2 2 10 2 10 2
left_child=1 2 -1 -3 -2 -6
right_child=4 3 -4 -5 5 -7
leaf_value=-0.0015894900268219444 0.0019505511500530427 0.035917233964958793 -0.024284199041355949 0.00085257896033705456 -0.034148736098546136 0.026192660511062844
leaf_weight=126.5008947342867 272.44911968789529 19.86404100432992 112.23624321506941 173.32018014858477 5.5719521641731253 57.63179736584425
leaf_count=2715 2172 122 2505 1097 43 211
internal_value=-0.000273021 -0.00474569 -0.0123156 0.00462448 0.00547946 0.020424
internal_weight=767.574 431.921 238.737 193.184 335.653 63.2037
internal_count=8865 6439 5220 1219 2426 254
is_linear=0
shrinkage=0.05


Tree=99
num_leaves=7
num_cat=0
split_feature=0 20 21 0 2 28
split_gain=9.67064 8.6299 8.17869 9.95086 6.61425 4.61265
threshold=0.21151850000000003 0.42016806722689076 0.20530350000000003 0.98880600000000007 0.58127000000000006 0.6661166300000001
decision_type=2 2 2 2 2 8
left_child=1 5 3 -2 -4 -1
right_child=2 -3 4 -5 -6 -7
leaf_value=-0.014935484066212548 -0.0066749564341794694 0.035204300836068368 0.020291852216804289 0.010546458442769954 0.0037771220718935171 -0.048607304878387089
leaf_weight=29.757216103025712 320.30918276321609 5.387068389914929 84.962764840107411 112.54442549403757 207.88364351168275 15.684631093841743
leaf_count=553 4932 30 630 833 977 978
internal_value=0.000695245 -0.0201725 0.00218259 -0.0021833 0.00862125 -0.027354
internal_weight=776.529 50.8289 725.7 432.854 292.846 45.4418
internal_count=8933 1561 7372 5765 1607 1531
is_linear=0
shrinkage=0.05


Tree=100
num_leaves=7
num_cat=0
split_feature=2 21 1 2 27 0
split_gain=8.96183 8.95141 8.52774 7.79298 6.39322 4.63234
threshold=0.67917550000000015 0.42163750000000005 17.072136000000004 0.69347950000000014 0.10741758241758244 0.59211650000000005
decision_type=2 2 10 2 2 2
left_child=1 2 -1 -2 -3 -5
right_child=3 4 -4 5 -6 -7
leaf_value=-0.020125490037125639 0.033542184085849351 0.0073898844798889951 0.0040188291427642126 -0.0067811755614796652 -0.051235926081606056 0.0052840561008526315
leaf_weight=135.5688491021574 20.343596345046535 98.529572868254036 49.544005939154886 101.1496379727032 3.8852154542691997 359.63934239116497
leaf_count=3715 137 696 707 951 204 2499
internal_value=-0.00017062 -0.0071403 -0.0136766 0.00400067 0.00469192 0.00262662
internal_weight=768.66 287.528 185.113 481.133 102.415 460.789
internal_count=8909 5322 4422 3587 900 3450
is_linear=0
shrinkage=0.05


Tree=101
num_leaves=7
num_cat=0
split_feature=4 1 18 1 28 12
split_gain=6.21306 6.47747 7.91336 5.90121 3.34937 4.19911
threshold=2212.4623605100001 11.713729500000001 0.73000000000000009 10.937055000000003 0.6590072250000002 inf
decision_type=2 10 2 10 8 8
left_child=1 3 -3 -1 -2 -6
right_child=4 2 -4 -5 5 -7
leaf_value=-0.0033524941158596857 -0.043598329850693951 0.0036719958566434892 0.033938511337428527 -0.047038820624312007 -0.0026473019922142395 -0.03325164546501596
leaf_weight=252.14723138435511 7.5245791533961883 411.69096364057623 21.822353281080723 6.9859738308005026 48.320553256315179 13.674271529409451
leaf_count=3868 154 3489 71 182 868 277
internal_value=9.88819e-05 0.00153627 0.00527016 -0.00470653 -0.0140411 -0.00981843
internal_weight=762.166 692.647 433.513 259.133 69.5194 61.9948
internal_count=8909 7610 3560 4050 1299 1145
is_linear=0
shrinkage=0.05


Tree=102
num_leaves=7
num_cat=0
split_feature=2 10 2 2 0 5
split_gain=7.09601 6.72629 8.21981 5.78676 5.69228 4.99453
threshold=0.67917550000000015 17.500000000000004 0.62717300000000009 0.69347950000000014 0.46857400000000005 0.25252649448517955
decision_type=2 2 2 2 2 2
left_child=1 4 -3 -2 -1 -5
right_child=3 2 -4 5 -6 -7
leaf_value=-0.052402258736615241 0.031391622004479189 0.0018612781083269866 -0.021886502042250771 -0.010941970540517008 -0.0088427410965565348 0.0056450803143842472
leaf_weight=11.842316061607564 18.889048720011488 210.55440556065878 43.033012630185112 50.069459228310734 19.260377295780927 410.92199838417582
leaf_count=957 131 3223 453 528 685 2909
internal_value=0.00126545 -0.00497774 -0.00223879 0.00497188 -0.0265437 0.00382373
internal_weight=764.571 284.69 253.587 479.881 31.1027 460.991
internal_count=8886 5318 3676 3568 1642 3437
is_linear=0
shrinkage=0.05


Tree=103
num_leaves=7
num_cat=0
split_feature=4 0 23 21 10 28
split_gain=5.56767 9.18809 8.89273 7.24586 6.15976 6.8008
threshold=551.12272628500011 0.32241200000000009 4.5000000000000009 0.5548050000000001 17.500000000000004 0.51282470000000013
decision_type=2 2 2 2 2 8
left_child=4 2 -2 -3 5 -1
right_child=1 3 -4 -5 -6 -7
leaf_value=0.0081032209457743004 -0.01130091457427963 -0.0054979715702269671 -0.063311604171187863 0.010912004437521003 0.0062808552289295161 -0.054465053859638915
leaf_weight=7.9146240064874265 27.529378405248281 339.94878346158657 11.087405049940569 82.832600882044062 268.33431745658163 8.0519632023060694
leaf_count=48 826 4598 320 389 2340 316
internal_value=-0.00103998 -0.00442784 -0.0274551 -0.00226472 0.00445449 -0.0248004
internal_weight=745.699 461.398 38.6168 422.781 284.301 15.9666
internal_count=8837 6133 1146 4987 2704 364
is_linear=0
shrinkage=0.05


Tree=104
num_leaves=7
num_cat=0
split_feature=8 28 28 1 4 1
split_gain=5.22366 6.06184 6.57011 5.75108 7.35761 6.07678
threshold=200.50000000000003 0.60910895000000009 0.70044592500000002 18.664751000000006 1089.0123046450001 21.062658500000005
decision_type=8 8 10 10 2 10
left_child=1 -1 -3 4 -2 -5
right_child=3 2 -4 5 -6 -7
leaf_value=0.044727476209842187 -0.0020143979465110616 -0.0094778376606906509 0.027908877090721426 0.015204397974665829 -0.016603783577956995 -0.0017801085989371487
leaf_weight=11.008762140292673 339.41015888907714 29.883149446104653 18.012005766737275 77.889250437612645 115.09756159651442 157.88273439370096
leaf_count=67 4145 310 99 510 2460 1318
internal_value=-0.00122867 0.0129377 0.00486548 -0.0024545 -0.00573729 0.00387138
internal_weight=749.184 58.9039 47.8952 690.28 454.508 235.772
internal_count=8909 476 409 8433 6605 1828
is_linear=0
shrinkage=0.05


Tree=105
num_leaves=7
num_cat=0
split_feature=1 1 4 1 5 4
split_gain=5.37734 10.6121 10.7757 9.53669 9.33095 8.62224
threshold=21.062658500000005 20.137246500000003 167.05104812000002 25.321963000000004 0.80930370599970403 1354.6903298900004
decision_type=8 10 2 10 2 2
left_child=1 5 -3 4 -2 -1
right_child=3 2 -4 -5 -6 -7
leaf_value=0.0041647005558873183 -0.0192313985223596 -0.070959544663632898 0.033798223430988004 0.0099202912917717902 0.010734452393045563 -0.012470895986457134
leaf_weight=399.85998267470859 123.05787837904063 1.699025198817252 37.592386897886172 63.166941537987441 32.158825492137112 95.679827507352456
leaf_count=4060 2139 8 191 395 384 1674
internal_value=0.000243035 0.00294236 0.0276196 -0.00635102 -0.0129939 0.000934019
internal_weight=753.215 534.831 39.2914 218.384 155.217 495.54
internal_count=8851 5933 199 2918 2523 5734
is_linear=0
shrinkage=0.05


Tree=106
num_leaves=7
num_cat=0
split_feature=21 0 27 1 8 28
split_gain=8.71409 7.39028 6.94385 6.88181 6.48852 5.53451
threshold=0.15749000000000005 0.55168200000000012 0.13252032520325205 13.285204000000002 205.50000000000003 0.55813973500000003
decision_type=2 2 2 10 8 8
left_child=1 3 5 -1 -3 -2
right_child=2 4 -4 -5 -6 -7
leaf_value=-0.014406832443570045 -0.016623977339864066 0.024454181750997707 -0.034809264237430651 -0.065605398636500833 -0.0040799503447991534 0.0082032328026522428
leaf_weight=64.492017910946743 23.17412814265117 20.381841514259577 9.4839781421469507 6.4794159494340411 292.24135407758877 327.26655664859572
leaf_count=2242 199 195 327 211 3461 2214
internal_value=-0.000244077 -0.00548046 0.0053364 -0.0199277 -0.00214759 0.00651882
internal_weight=743.519 383.595 359.925 70.9714 312.623 350.441
internal_count=8849 6109 2740 2453 3656 2413
is_linear=0
shrinkage=0.05


Tree=107
num_leaves=7
num_cat=0
split_feature=4 18 13 28 4 2
split_gain=6.57443 7.03863 7.55083 4.84327 4.53945 4.01377
threshold=2012.2690599350003 0.73000000000000009 0.46200000000000002 0.58008380000000004 2713.4175498550007 0.41841700000000004
decision_type=2 2 2 10 2 2
left_child=1 2 -1 -3 -2 -6
right_child=4 3 -4 -5 5 -7
leaf_value=-0.015005622832053889 -0.021848064505743198 0.0049835071057268247 0.0025748032222752842 0.03340067749230257 -0.046430499961169769 0.0071489350772080077
leaf_weight=68.013264714798424 50.727288206806406 32.406415740726516 530.17897689162055 27.590855377726257 2.9129948761692495 31.818258905550465
leaf_count=709 929 336 6058 126 253 443
internal_value=0.000505368 0.00220503 0.000554237 0.018385 -0.0124592 0.00148143
internal_weight=743.648 658.19 598.192 59.9973 85.4585 34.7313
internal_count=8854 7229 6767 462 1625 696
is_linear=0
shrinkage=0.05


Tree=108
num_leaves=7
num_cat=0
split_feature=8 3 1 21 7 21
split_gain=6.11642 6.06143 9.07904 8.92834 5.7306 5.01104
threshold=84.500000000000014 2.5000000000000004 13.659136500000001 0.16552550000000002 1.0000000180025095e-35 0.42163750000000005
decision_type=10 2 10 2 10 2
left_child=4 2 -2 -3 5 -1
right_child=1 3 -4 -5 -6 -7
leaf_value=-0.0051496892457217475 -0.046166706709307524 0.041087848933002928 0.0087907097042753506 0.0039031940505346342 -0.040043372635671683 0.0049230697778764104
leaf_weight=449.83484061535273 9.332779359072445 26.214853166136891 26.729583078296855 40.263757434091531 9.2809288932476175 169.15052644954994
leaf_count=6294 393 274 278 209 185 1220
internal_value=-0.00116108 0.0101022 -0.00629392 0.018958 -0.00301252 -0.0023936
internal_weight=730.807 102.541 36.0624 66.4786 628.266 618.985
internal_count=8853 1154 671 483 7699 7514
is_linear=0
shrinkage=0.05


Tree=109
num_leaves=7
num_cat=0
split_feature=28 4 4 1 4 0
split_gain=4.53226 7.16608 9.22759 6.16104 6.18488 5.85104
threshold=0.77277241500000005 1139.6301304650003 1267.2686745550002 15.139119500000001 1083.7581934350003 0.79136700000000004
decision_type=10 2 2 10 2 2
left_child=3 5 -3 -1 -5 -2
right_child=1 2 -4 4 -6 -7
leaf_value=-0.0009253743909208742 -0.030149283506426608 0.04005069102094258 -0.0031283050118448329 0.017432264479368857 -0.0012509481468179105 -0.0055072398366180489
leaf_weight=374.63479163387092 38.601273931446485 14.116733056638621 67.538358110294212 113.28051505889744 72.127097231918015 62.971718568820506
leaf_count=5597 442 76 791 716 877 363
internal_value=0.000534559 -0.00627066 0.00473082 0.00276822 0.0101964 -0.0150747
internal_weight=743.27 183.228 81.6551 560.042 185.408 101.573
internal_count=8862 1672 867 7190 1593 805
is_linear=0
shrinkage=0.05


Tree=110
num_leaves=7
num_cat=0
split_feature=23 23 4 24 8 21
split_gain=7.14414 5.44339 4.83173 3.76945 5.13832 5.03586
threshold=6.5000000000000009 12.500000000000002 1033.3125837950004 5.5000000000000009 200.50000000000003 0.95727250000000008
decision_type=2 2 2 2 8 2
left_child=3 2 -2 4 -1 -5
right_child=1 -3 -4 5 -6 -7
leaf_value=0.015260260760394087 -0.013014242778905442 0.03803413797662953 -0.052744314825178697 0.020994799897543655 -0.00086762283305735061 -0.0073431667693316235
leaf_weight=52.894477140507661 27.132279661484063 2.8754404943902037 10.25419672182761 50.545146079501137 589.53258116132929 21.924592108465731
leaf_count=435 194 28 186 435 7525 126
internal_value=0.000544342 -0.0196868 -0.0250014 0.00170964 0.000481926 0.0124383
internal_weight=755.159 40.2619 37.3865 714.897 642.427 72.4697
internal_count=8929 408 380 8521 7960 561
is_linear=0
shrinkage=0.05


Tree=111
num_leaves=7
num_cat=0
split_feature=2 2 13 5 10 5
split_gain=4.60878 8.72392 10.9437 9.00796 4.19678 7.15398
threshold=0.78332400000000013 0.75389250000000019 0.72000000000000008 0.6912976035310614 17.500000000000004 0.26144994539011696
decision_type=2 2 2 2 2 2
left_child=1 3 -3 -1 -2 -6
right_child=4 2 -4 -5 5 -7
leaf_value=-0.0085785280148632358 0.017247802395261882 -0.054353757962109367 0.020496760977061775 0.0074407794480373726 -0.02149653406056546 0.0045250562609913496
leaf_weight=198.58597713214112 53.016463556792587 15.879090359900148 6.2514174582902333 155.65112198016141 28.070114880800247 288.80995869939215
leaf_count=4127 373 271 59 1952 286 1811
internal_value=0.00040522 -0.00348562 -0.033238 -0.00153854 0.00436285 0.00215962
internal_weight=746.264 376.368 22.1305 354.237 369.897 316.88
internal_count=8879 6409 330 6079 2470 2097
is_linear=0
shrinkage=0.05


Tree=112
num_leaves=7
num_cat=0
split_feature=0 0 22 4 21 0
split_gain=4.13306 10.2333 8.17302 6.49606 6.31689 5.24269
threshold=0.92489150000000009 0.89995700000000012 4.5000000000000009 399.90968173500005 0.26266050000000007 0.91023550000000009
decision_type=2 2 2 2 2 2
left_child=1 4 -2 -4 -1 -3
right_child=2 5 3 -5 -6 -7
leaf_value=-0.0060748311889140746 0.0082722369490025333 -0.065493857706063363 0.040984815126842898 -0.078170814873625871 0.0047568601839176189 -0.015882887685609352
leaf_weight=294.07744914258365 164.79009677795693 7.7292390610091415 0.81563260406255622 3.7542271418496966 246.53842425649054 16.075022231787443
leaf_count=5460 1250 77 7 29 1902 143
internal_value=-0.000522232 -0.00257853 0.00630563 -0.0533637 -0.00113556 -0.0339826
internal_weight=733.78 564.42 169.36 4.56986 540.616 23.8043
internal_count=8868 7582 1286 36 7362 220
is_linear=0
shrinkage=0.05


Tree=113
num_leaves=7
num_cat=0
split_feature=4 1 1 1 3 21
split_gain=5.11605 7.47378 7.35663 7.1882 6.42304 6.25653
threshold=1354.6903298900004 24.103597000000004 21.934107500000003 19.620833000000001 1.5000000000000002 0.75556350000000017
decision_type=2 10 8 10 2 2
left_child=2 5 3 -1 -4 -2
right_child=1 -3 4 -5 -6 -7
leaf_value=0.0026849325542079006 -0.020980276680403687 0.0095086447463293526 0.036191405813739794 0.02116533917854543 -0.01094668886156052 0.0042177352805262995
leaf_weight=393.41007848829031 89.006612856261199 45.157396793132648 6.7053819040302178 59.822689112974331 123.75921628810465 33.509821799350902
leaf_count=4028 2292 371 126 331 1571 210
internal_value=-5.90805e-05 -0.0077304 0.00215405 0.00516541 -0.00826711 -0.0141099
internal_weight=751.371 167.674 583.697 453.233 130.465 122.516
internal_count=8929 2873 6056 4359 1697 2502
is_linear=0
shrinkage=0.05


Tree=114
num_leaves=7
num_cat=0
split_feature=21 21 22 28 2 8
split_gain=5.34658 9.95373 6.58607 8.44766 5.05688 4.9164
threshold=0.42163750000000005 0.35190900000000008 1.5000000000000002 0.70161137500000004 0.8509365000000001 262.50000000000006
decision_type=2 2 2 10 2 10
left_child=1 4 3 -2 -1 -4
right_child=2 -3 5 -5 -6 -7
leaf_value=-0.007719689294603177 0.029672616664436935 -0.039702910769055418 0.00086027989069839626 -0.015865360106032976 0.0024089264231071609 -0.055967658461443907
leaf_weight=279.44828037357365 43.27049972792156 18.497784547042102 151.35118289990351 12.527925664559005 219.15634260210209 2.9035730347968629
leaf_count=5751 308 250 1008 77 1430 31
internal_value=-0.00191877 -0.00464918 0.00479304 0.0193491 -0.00327185 -0.000563005
internal_weight=727.156 517.102 210.053 55.7984 498.605 154.255
internal_count=8855 7431 1424 385 7181 1039
is_linear=0
shrinkage=0.05


Tree=115
num_leaves=7
num_cat=0
split_feature=5 12 27 21 8 10
split_gain=9.20229 9.66246 7.43214 7.35965 4.94744 4.44235
threshold=0.66083056202678125 inf 0.010468750000000004 0.73861250000000001 140.50000000000003 16.000000000000004
decision_type=2 8 2 2 10 2
left_child=1 3 4 -1 -2 -3
right_child=2 5 -4 -5 -6 -7
leaf_value=-0.004437490697667342 0.005364588207665391 0.011936033707413765 -0.026738612433419115 0.015372935187478188 0.025613361021165938 -0.020494785075469285
leaf_weight=232.37913103986648 277.10502811265178 11.055405670544131 15.635086054331621 57.668695610947907 33.013270101277158 106.93393407120311
leaf_count=3805 2486 169 388 321 221 1473
internal_value=-0.000385937 -0.00538312 0.00587083 -0.000459401 0.00759555 -0.0173813
internal_weight=733.791 408.037 325.753 290.048 310.118 117.989
internal_count=8863 5768 3095 4126 2707 1642
is_linear=0
shrinkage=0.05


Tree=116
num_leaves=7
num_cat=0
split_feature=18 22 1 0 1 4
split_gain=5.17141 6.3663 7.07582 5.33273 6.70541 5.61012
threshold=0.68500000000000016 2.5000000000000004 11.921945000000003 0.19920550000000004 4.9218672500000009 478.00099717500007
decision_type=2 2 8 2 8 2
left_child=3 -2 -3 5 -5 -1
right_child=1 2 -4 4 -6 -7
leaf_value=-0.0045212718415603695 0.021528219263768838 0.014180921000330063 -0.033068890629990293 0.039056774749217371 -0.0001633616673204554 -0.044893896506127962
leaf_weight=25.000776218133979 59.503273833077401 17.45317509490997 12.939679886447264 10.093250897713004 618.80524372507352 12.332794007423216
leaf_count=545 600 86 124 59 6842 624
internal_value=0.000949823 0.0121374 -0.00634816 -0.000575667 0.000527092 -0.0186812
internal_weight=756.128 89.8961 30.3929 666.232 628.898 37.3336
internal_count=8880 810 210 8070 6901 1169
is_linear=0
shrinkage=0.05


Tree=117
num_leaves=7
num_cat=0
split_feature=21 21 4 21 28 8
split_gain=4.22338 7.86446 7.54546 7.08916 6.72309 5.48464
threshold=0.73861250000000001 0.96275850000000007 1267.2686745550002 0.26266050000000007 0.58966957500000017 142.50000000000003
decision_type=2 2 2 2 8 8
left_child=2 4 5 -4 -2 -1
right_child=1 -3 3 -5 -6 -7
leaf_value=0.034225396993986301 -0.024952241550057916 0.0010131518800786941 -0.0058083124811738772 -0.033482257018373811 0.039072317516651404 0.00074619016229047412
leaf_weight=11.565741146798244 4.1042116554453996 85.809815439861268 116.51357756691868 28.076917237485759 26.876856210874394 464.55152793292655
leaf_count=65 36 497 2343 521 142 5255
internal_value=0.000231746 0.00891243 -0.0014133 -0.0113752 0.0300757 0.00162949
internal_weight=737.499 116.791 620.708 144.59 30.9811 476.117
internal_count=8859 675 8184 2864 178 5320
is_linear=0
shrinkage=0.05


Tree=118
num_leaves=7
num_cat=0
split_feature=1 4 5 28 8 24
split_gain=9.62192 9.25796 7.69774 6.33927 5.0463 5.37806
threshold=11.713729500000001 551.12272628500011 0.67537281639383517 0.57721735000000007 317.50000000000006 5.5000000000000009
decision_type=10 2 2 10 10 2
left_child=1 3 -3 -1 5 -2
right_child=4 2 -4 -5 -6 -7
leaf_value=0.0070752413755216488 0.0013748685453784919 -0.014958631418523827 -0.071082979537789304 -0.014978154019417904 0.040659290989389675 0.019736097765082335
leaf_weight=106.14923485578038 406.90730609087041 116.80294057323772 5.5580088706919915 45.827062213153113 8.1741768042556924 43.238961915718392
leaf_count=1332 4035 2484 122 625 74 197
internal_value=-0.000497059 -0.00788709 -0.0180635 0.000370801 0.00393394 0.0031784
internal_weight=732.658 274.337 122.361 151.976 458.32 450.146
internal_count=8869 4563 2606 1957 4306 4232
is_linear=0
shrinkage=0.05


Tree=119
num_leaves=7
num_cat=0
split_feature=4 1 28 12 0 7
split_gain=5.47587 5.23829 8.03472 4.80395 10.3581 5.65945
threshold=361.31758183000005 8.7683315000000022 0.64303711500000016 inf 0.79136700000000004 inf
decision_type=2 10 10 8 2 8
left_child=1 2 -1 5 -5 -2
right_child=3 -3 -4 4 -6 -7
leaf_value=0.0013642992944309252 0.011524624019736467 0.014359916505396531 -0.066383466251062201 -0.022957157555916236 0.0011991626267774602 -0.0025079338878810334
leaf_weight=56.796885328541975 94.633819975773804 111.41960649681278 3.7386574479169203 75.098665202182019 106.23545531462878 288.02298738103127
leaf_count=834 1067 641 97 1334 895 4048
internal_value=0.000186577 0.00797097 -0.00383057 -0.00219671 -0.0088761 0.000983413
internal_weight=735.946 171.955 60.5355 563.991 181.334 382.657
internal_count=8916 1572 931 7344 2229 5115
is_linear=0
shrinkage=0.05


Tree=120
num_leaves=7
num_cat=0
split_feature=4 18 0 22 12 2
split_gain=4.43806 5.50731 6.07203 5.05543 4.3754 3.68556
threshold=2012.2690599350003 0.73000000000000009 0.92489150000000009 4.5000000000000009 1.0000000180025095e-35 0.75389250000000019
decision_type=2 2 2 2 8 2
left_child=1 2 -1 -3 5 -2
right_child=4 3 -4 -5 -6 -7
leaf_value=-0.0038645953925657145 -0.016473612996046962 0.019320471620342967 0.008829281065740574 -0.027251190434508094 -0.020304322646623064 0.020693521811760641
leaf_weight=475.85971398896072 10.829547395813281 53.611026896862313 116.418645496713 5.6430001421831539 53.84225033086841 14.373924745246766
leaf_count=6067 387 394 723 60 1149 108
internal_value=-0.00126075 0.000104107 -0.0013588 0.0145066 -0.0123713 0.00470416
internal_weight=730.578 651.532 592.278 59.254 79.0457 25.2035
internal_count=8888 7244 6790 454 1644 495
is_linear=0
shrinkage=0.05


Tree=121
num_leaves=7
num_cat=0
split_feature=18 4 0 2 22 27
split_gain=5.49244 7.33894 7.86697 5.55755 6.40054 5.25465
threshold=1.0000000180025095e-35 597.22100913000008 0.92489150000000009 0.88688700000000009 3.5000000000000004 0.13252032520325205
decision_type=2 2 2 2 2 2
left_child=1 -1 -3 5 -5 -2
right_child=3 2 -4 4 -6 -7
leaf_value=0.0038376799279107674 0.023468950060037578 -0.012238799092893209 0.0033930147226309488 0.0074110089010703123 -0.044886325641312022 -0.035839132333845912
leaf_weight=287.46380957926158 55.949250471312553 233.8884250317351 121.89374372060411 20.466188196092848 7.076487384736537 3.1225002233404657
leaf_count=2785 547 4274 981 94 59 131
internal_value=-0.000499939 -0.00209662 -0.00688872 0.0112465 -0.00712749 0.0197895
internal_weight=729.86 643.246 355.782 86.6144 27.5427 59.0718
internal_count=8871 8040 5255 831 153 678
is_linear=0
shrinkage=0.05


Tree=122
num_leaves=7
num_cat=0
split_feature=2 2 3 2 28 2
split_gain=6.53269 17.6957 10.236 6.70461 6.39984 5.73913
threshold=0.91835350000000016 0.90620100000000015 4.5000000000000009 0.9616030000000001 0.61589357000000011 0.9742090000000001
decision_type=2 2 2 2 8 2
left_child=1 2 -1 4 -2 -5
right_child=3 -3 -4 5 -6 -7
leaf_value=-0.0047048634199097694 -0.03453565157618551 -0.07670208069519914 0.027522954065693557 -0.026282609165419503 0.023568124905766138 0.0037382196801830324
leaf_weight=468.51167072523094 4.2577797113917759 7.2883761194534591 25.012505121529102 16.8718363114167 61.230668690986931 144.78310889238492
leaf_count=7510 39 96 129 98 353 652
internal_value=-0.00105418 -0.00424219 -0.00301916 0.00596261 0.0193279 0.000462641
internal_weight=727.956 500.813 493.524 227.143 65.4884 161.655
internal_count=8877 7735 7639 1142 392 750
is_linear=0
shrinkage=0.05


Tree=123
num_leaves=7
num_cat=0
split_feature=18 1 4 4 28 27
split_gain=6.64435 5.57993 9.33091 8.65922 3.9911 3.65975
threshold=1.0000000180025095e-35 14.634158500000002 886.41651630500007 203.40142711500002 0.39566879000000005 0.12792207792207796
decision_type=2 10 2 2 8 2
left_child=1 2 -1 -3 -2 -6
right_child=4 3 -4 -5 5 -7
leaf_value=-0.0022473819617228313 -0.050548838399586953 -0.040841329448343427 -0.022983381885614256 0.0038313757201868543 0.017592338982285721 -0.021258206728517491
leaf_weight=241.43814635532908 1.4596030432730902 10.221959387883542 69.076186245874851 326.69898478139658 75.468310103286058 5.7489402058999977
leaf_count=3047 13 68 1939 2991 659 148
internal_value=-0.000384024 -0.00209461 -0.00691923 0.00235919 0.0128764 0.0146172
internal_weight=730.112 647.435 310.514 336.921 82.6769 81.2173
internal_count=8865 8045 4986 3059 820 807
is_linear=0
shrinkage=0.05


Tree=124
num_leaves=7
num_cat=0
split_feature=4 0 3 4 27 22
split_gain=4.45942 7.62966 11.7592 5.56001 4.24297 3.91826
threshold=658.67124380000007 0.86698300000000017 4.5000000000000009 1915.1550895100002 0.010468750000000004 9.5000000000000018
decision_type=2 2 2 2 2 2
left_child=4 2 -2 -3 5 -1
right_child=1 3 -4 -5 -6 -7
leaf_value=0.0063755218323607657 -0.013628778703593754 0.0100473410271485 0.024868725416143773 -0.0095542141630819543 -0.017994707865417358 -0.057742874838716332
leaf_weight=313.97138831554912 191.46115153704886 123.99595215823501 21.193614652380347 50.011496266117319 18.764560611336492 1.4094434212893237
leaf_count=2800 4000 845 89 622 456 9
internal_value=0.000291961 -0.00336009 -0.0096936 0.00439125 0.00451542 0.00590737
internal_weight=720.808 386.662 212.655 174.007 334.145 315.381
internal_count=8821 5556 4089 1467 3265 2809
is_linear=0
shrinkage=0.05


Tree=125
num_leaves=7
num_cat=0
split_feature=28 28 6 6 5 1
split_gain=5.6042 7.90722 5.38887 5.27703 5.08878 4.14885
threshold=0.88301618500000012 0.87405061500000014 6.6083172796863625 7.212066070558115 0.46159665247650278 25.100919000000001
decision_type=10 10 2 2 2 10
left_child=1 3 5 -1 -4 -2
right_child=2 -3 4 -5 -6 -7
leaf_value=0.0016193527281012879 -0.018876605868030659 0.035732534468633413 -0.015827662605176811 -0.0091436391105891076 -0.077351942916414881 0.03973305753046126
leaf_weight=543.02253343569464 7.2638571634888667 14.27900131838396 8.5733097032643837 143.04213906648511 5.3579577009659252 3.7630199491977692
leaf_count=5887 53 74 111 2733 54 5
internal_value=-0.000688715 0.000156631 -0.023502 -0.000634736 -0.0430857 0.00276512
internal_weight=725.302 700.344 24.9581 686.065 13.9313 11.0269
internal_count=8917 8694 223 8620 165 58
is_linear=0
shrinkage=0.05


Tree=126
num_leaves=7
num_cat=0
split_feature=3 4 28 2 1 4
split_gain=4.16246 9.45286 4.59918 3.76984 8.25701 5.04431
threshold=4.5000000000000009 185.60205920000001 0.55813973500000003 0.97694700000000012 26.314960000000003 217.47253519500003
decision_type=2 2 10 2 10 2
left_child=3 -2 -3 5 -5 -1
right_child=1 2 -4 4 -6 -7
leaf_value=0.010388218535559331 -0.068458737588114993 -0.018797596110563589 0.020669583567237894 -0.00028016606634737479 0.032857254162200707 -0.0049247199069523536
leaf_weight=59.399726367322728 2.5399499833583823 7.6867903154343358 55.94849593564868 87.907325317617506 22.906368143390864 493.54010129996459
leaf_count=665 20 73 214 427 78 7423
internal_value=-0.000377556 0.0114844 0.0156851 -0.00157568 0.00680229 -0.00326394
internal_weight=729.929 66.1752 63.6353 663.754 110.814 552.94
internal_count=8900 307 287 8593 505 8088
is_linear=0
shrinkage=0.05


Tree=127
num_leaves=7
num_cat=0
split_feature=8 3 21 0 21 28
split_gain=5.52641 6.34963 6.1437 12.8134 5.40416 4.96098
threshold=172.50000000000003 2.5000000000000004 0.28317600000000004 0.28332850000000004 0.19292800000000002 0.72487013500000008
decision_type=10 2 2 2 2 10
left_child=2 4 3 -1 -2 -4
right_child=1 -3 5 -5 -6 -7
leaf_value=-0.049164829094285656 -0.027642796584778185 0.023403466261686885 0.0066540777150633501 -0.0042382288365652278 0.015398441898190339 -0.014658449695326967
leaf_weight=15.551098121432004 13.942891352344306 45.327464293455705 213.31158664030954 396.06303385645151 13.337536583188919 30.33641793159768
leaf_count=959 438 357 1628 5166 99 213
internal_value=-0.000875242 0.0121174 -0.00233119 -0.00605063 -0.00679932 0.0039514
internal_weight=727.87 72.6079 655.262 411.614 27.2804 243.648
internal_count=8860 894 7966 6125 537 1841
is_linear=0
shrinkage=0.05


Tree=128
num_leaves=7
num_cat=0
split_feature=1 28 12 28 2 2
split_gain=4.24214 6.59775 8.25052 8.01107 4.99467 4.53432
threshold=7.418904050000001 0.59535805000000008 1.0000000180025095e-35 0.62333305000000017 0.79190050000000001 0.68622800000000017
decision_type=10 10 10 10 2 2
left_child=4 2 -2 -3 5 -1
right_child=1 3 -4 -5 -6 -7
leaf_value=-0.0095466952394900537 -0.00073929268008147248 -0.047958359487869501 0.018757444286360017 -0.00080293760446537477 0.007075866857947791 -0.041326983383461538
leaf_weight=78.770388520584675 108.69779360515531 8.2331990067614225 107.20658376970096 369.09340107813478 38.392332581337541 12.331637466792015
leaf_count=2107 1356 143 1206 3604 291 156
internal_value=0.000241589 0.0020339 0.00898359 -0.00195591 -0.00792191 -0.0142505
internal_weight=722.725 593.231 215.904 377.327 129.494 91.102
internal_count=8863 6309 2562 3747 2554 2263
is_linear=0
shrinkage=0.05


Tree=129
num_leaves=7
num_cat=0
split_feature=3 4 1 4 8 20
split_gain=5.64808 6.19743 4.38593 5.54567 4.2724 2.16407
threshold=4.5000000000000009 185.60205920000001 28.939672000000005 597.22100913000008 230.50000000000003 0.39846223428312982
decision_type=2 2 10 2 8 2
left_child=2 -2 3 -1 -4 -3
right_child=1 5 4 -5 -6 -7
leaf_value=0.003753850438104812 -0.059352123316734576 0.020391677466478079 -0.050934876382344611 -0.0057497680456576293 0.021396390908000992 -0.0090689857086263086
leaf_weight=270.4307834149804 1.7784099373966444 58.414345784112811 1.2445192020386455 352.46679856092669 30.642909052781764 6.3952797204256049
leaf_count=2789 19 244 15 5578 177 42
internal_value=0.000732121 0.0144935 -0.000687301 -0.00162437 0.0171105 0.0173909
internal_weight=721.373 66.588 654.785 622.898 31.8874 64.8096
internal_count=8864 305 8559 8367 192 286
is_linear=0
shrinkage=0.05


Tree=130
num_leaves=7
num_cat=0
split_feature=18 0 6 6 10 2
split_gain=5.17551 6.21246 5.61245 4.69115 4.19948 4.60952
threshold=0.68500000000000016 0.25827550000000005 6.1717026001539121 7.2047476160731412 17.500000000000004 0.44264450000000005
decision_type=2 2 2 2 2 2
left_child=1 2 -1 -3 5 -2
right_child=4 3 -4 -5 -6 -7
leaf_value=-0.0056469075674093648 -0.043696492811819691 0.0027474690136582531 -0.043009887738590644 -0.008087531186231206 0.022015118128428459 0.006494578482328487
leaf_weight=29.052138883271255 4.3334292385261497 470.92357494949829 14.67193437044625 125.72756856423803 46.868981058709323 31.155756815336645
leaf_count=668 261 4480 703 2249 291 255
internal_value=0.000632221 -0.000891939 -0.0188657 0.000454583 0.0123518 -0.000663596
internal_weight=722.733 640.375 43.7241 596.651 82.3582 35.4892
internal_count=8907 8100 1371 6729 807 516
is_linear=0
shrinkage=0.05


Tree=131
num_leaves=5
num_cat=0
split_feature=13 0 4 28
split_gain=8.4909 3.28221 6.40945 6.20134
threshold=0.26000000000000006 0.62128700000000003 217.47253519500003 0.71959438500000006
decision_type=2 2 2 10
left_child=-1 2 -2 -3
right_child=1 3 -4 -5
leaf_value=-0.068454228973859804 0.011738609133746783 0.010901962580007724 -0.0063528114634593168 -0.0012659820285212363
leaf_weight=3.3844707214739165 60.564874167903326 188.29386522644199 238.57743078687054 233.92703823454212
leaf_count=60 621 1875 4271 2042
internal_value=0.000918806 0.0013386 -0.00266308 0.00417338
internal_weight=724.748 721.363 299.142 422.221
internal_count=8869 8809 4892 3917
is_linear=0
shrinkage=0.05


Tree=132
num_leaves=7
num_cat=0
split_feature=4 4 2 21 8 8
split_gain=5.92694 5.77317 5.59905 4.92368 4.00296 6.27632
threshold=1354.6903298900004 1510.2848585350002 0.91835350000000016 0.086335500000000023 84.500000000000014 142.50000000000003
decision_type=2 2 2 2 8 8
left_child=4 3 -3 -2 -1 -6
right_child=1 2 -4 -5 5 -7
leaf_value=-0.056439251227002676 -0.013908064301597559 -0.010515445626930514 0.011949410212338021 -0.06904191519786082 0.042370802415144411 0.002626849453372371
leaf_weight=1.8165533198043702 12.300747036526447 99.691060042750905 37.352024696301669 5.5932906512171021 9.1219297529896703 553.85535831941525
leaf_count=36 243 2267 256 105 46 5925
internal_value=0.000675291 -0.00795659 -0.00435029 -0.0338838 0.00305311 0.00334481
internal_weight=719.731 154.937 137.043 17.894 564.794 562.977
internal_count=8878 2871 2523 348 6007 5971
is_linear=0
shrinkage=0.05


Tree=133
num_leaves=7
num_cat=0
split_feature=28 4 21 4 1 21
split_gain=5.08434 9.62282 7.08189 6.86058 8.76586 4.22407
threshold=0.77277241500000005 195.28128116000002 0.46966900000000006 1162.7233862400003 15.720197000000001 0.73861250000000001
decision_type=10 2 2 2 10 2
left_child=3 -2 -3 4 -1 -5
right_child=1 2 -4 5 -6 -7
leaf_value=-0.00048042177980420539 -0.074237664628852812 -0.0044152753586540706 -0.049601775346719799 -0.015467219887052967 0.016021154976596185 0.005009322734265291
leaf_weight=309.83698872569948 4.5016857273876658 158.45827918434225 8.1957626901566965 87.067763342580292 107.69238374195993 34.706130630802363
leaf_count=3949 34 1591 81 2290 716 237
internal_value=-0.00163026 -0.00911158 -0.00692007 0.00075651 0.0038039 -0.00963804
internal_weight=710.459 171.156 166.654 539.303 417.529 121.774
internal_count=8898 1706 1672 7192 4665 2527
is_linear=0
shrinkage=0.05


Tree=134
num_leaves=7
num_cat=0
split_feature=24 1 1 5 20 13
split_gain=5.01628 6.00696 10.9842 10.9744 3.87545 5.12882
threshold=1.5000000000000002 21.171678500000002 14.634158500000002 0.73460590712916252 1.0000000180025095e-35 0.46200000000000002
decision_type=2 8 10 2 2 2
left_child=1 2 -1 -3 -2 -6
right_child=4 3 -4 -5 5 -7
leaf_value=-0.0079111035702481448 0.024288445351051808 -0.0048765724380955035 0.011467441245132633 -0.0461182436556377 -0.016974946883085706 0.0065383465673279186
leaf_weight=147.36630543973297 26.139568843413144 97.288962567428825 143.22016949218232 18.41342273610644 24.466440331190825 263.24612639599945
leaf_count=2909 196 1410 1455 391 239 2268
internal_value=0.00147002 -0.00219631 0.00164649 -0.0117789 0.00620805 0.00448696
internal_weight=720.141 406.289 290.586 115.702 313.852 287.713
internal_count=8868 6165 4364 1801 2703 2507
is_linear=0
shrinkage=0.05


Tree=135
num_leaves=7
num_cat=0
split_feature=2 21 28 28 1 5
split_gain=3.66715 6.45813 8.35025 7.24945 6.1559 6.04256
threshold=0.91835350000000016 0.15749000000000005 0.56352487000000007 0.55813973500000003 38.608918500000009 0.4690347534388502
decision_type=2 2 8 8 10 2
left_child=1 2 -1 -3 5 -2
right_child=4 3 -4 -5 -6 -7
leaf_value=0.027037753835782025 0.018264275210807823 -0.035608995586804054 -0.01083558976554843 0.0048025808580268742 -0.065480801948464895 0.00049218926755960498
leaf_weight=14.62268203194253 69.74888389382977 10.622469232417641 222.64436662223306 247.53470135794487 2.0383101254701605 147.80925468890928
leaf_count=246 399 139 5093 2220 7 725
internal_value=-7.64006e-05 -0.00245994 -0.00839779 0.00300877 0.00528779 0.0062474
internal_weight=715.021 495.424 237.267 258.157 219.596 217.558
internal_count=8829 7698 5339 2359 1131 1124
is_linear=0
shrinkage=0.05


Tree=136
num_leaves=7
num_cat=0
split_feature=1 0 28 1 5 2
split_gain=4.9939 5.70338 6.42059 6.19256 4.51072 5.86769
threshold=15.542396000000002 0.56001650000000003 0.58966957500000017 21.934107500000003 0.54846181832050467 0.99408450000000015
decision_type=10 2 8 10 2 2
left_child=4 2 -2 -3 5 -1
right_child=1 3 -4 -5 -6 -7
leaf_value=-0.0096795305980093699 0.028160629603364535 0.011332933028162084 -0.067358209664397858 -0.0028623975088266692 -0.00063681579806771629 -0.059968446356275601
leaf_weight=98.319135232581175 1.9156356500461686 186.35900818952359 4.4980524948332459 129.66301167581696 286.9982710138429 5.2323267329484215
leaf_count=2531 7 1614 98 1164 3469 33
internal_value=-8.04255e-05 0.00451739 -0.0388785 0.00551797 -0.0038782 -0.0127698
internal_weight=712.985 322.436 6.41369 316.022 390.55 103.551
internal_count=8916 2883 105 2778 6033 2564
is_linear=0
shrinkage=0.05


Tree=137
num_leaves=7
num_cat=0
split_feature=21 28 2 28 2 10
split_gain=4.1676 6.93045 6.75067 6.69394 6.20859 6.14705
threshold=0.20530350000000003 0.55813973500000003 0.8509365000000001 0.56352487000000007 0.91835350000000016 17.500000000000004
decision_type=2 8 2 10 2 2
left_child=2 4 3 -1 -2 -4
right_child=1 -3 5 -5 -6 -7
leaf_value=-0.00066246256339312886 -0.05607036312137173 0.0069945919758182254 0.03064082923485445 -0.018275925195228773 -0.00011444693917209592 0.0012411051971737803
leaf_weight=120.27918030763976 7.4135664915666011 295.005558267585 18.92716781492345 96.922883090519463 12.077220482751725 165.9072369961068
leaf_count=2738 130 2230 128 2420 81 1166
internal_value=0.000759477 0.00506247 -0.00261078 -0.00856992 -0.0230957 0.00440034
internal_weight=716.533 314.496 402.036 217.202 19.4908 184.834
internal_count=8893 2441 6452 5158 211 1294
is_linear=0
shrinkage=0.05


Tree=138
num_leaves=7
num_cat=0
split_feature=8 4 12 0 1 4
split_gain=3.64513 5.05515 7.66252 4.39697 3.27272 4.50765
threshold=200.50000000000003 490.47880779500002 inf 0.27765500000000004 20.781568500000002 2195.5267088750006
decision_type=8 2 8 2 10 2
left_child=4 3 -3 -2 -1 -6
right_child=1 2 -4 -5 5 -7
leaf_value=0.015552145841398564 -0.012096393102181174 0.00011486809366456419 -0.01444682193970924 0.0073884952391448464 -0.064036014778344516 0.025269297078642866
leaf_weight=51.143998223007657 32.876961641013622 280.22573576474679 132.31277242278156 200.87638275080826 2.2157953660935159 1.7771135214716194
leaf_count=430 770 4229 1795 1572 25 12
internal_value=-0.000194565 -0.00125425 -0.00457912 0.00460813 0.0120277 -0.0271888
internal_weight=701.429 646.292 412.539 233.753 55.1369 3.99291
internal_count=8833 8366 6024 2342 467 37
is_linear=0
shrinkage=0.05


Tree=139
num_leaves=7
num_cat=0
split_feature=24 2 18 0 2 2
split_gain=3.92307 8.06073 5.18167 5.73475 4.58002 0.481684
threshold=21.500000000000004 0.34695900000000007 1.0000000180025095e-35 0.19920550000000004 0.93855200000000016 0.32871350000000005
decision_type=2 2 2 2 2 2
left_child=2 5 3 -1 -4 -2
right_child=1 -3 4 -5 -6 -7
leaf_value=-0.020384873466665315 0.0018482993568116292 -0.078579684411444292 0.019113739226876404 0.00043374975377415484 -0.0092323887675288315 0.042762367877644959
leaf_weight=34.025320680331788 1.2499106992036095 3.383441693149507 61.775875446153805 594.61325356189627 17.770483396016061 1.0626890659332275
leaf_count=1174 9 23 686 6903 111 1
internal_value=0.000446033 -0.0376469 0.000805073 -0.000723653 0.0127453 0.0278826
internal_weight=713.881 5.69604 708.185 628.639 79.5464 2.3126
internal_count=8907 33 8874 8077 797 10
is_linear=0
shrinkage=0.05


Tree=140
num_leaves=7
num_cat=0
split_feature=21 1 4 23 1 8
split_gain=4.17296 8.50082 9.91237 6.46842 10.9467 4.92919
threshold=0.20530350000000003 9.7869035000000029 217.47253519500003 6.5000000000000009 8.9289340000000017 84.500000000000014
decision_type=2 8 2 2 8 8
left_child=1 2 -1 5 -5 -2
right_child=3 -3 -4 4 -6 -7
leaf_value=0.0025924853533801982 -0.060536736581255891 -0.00094987652591572145 -0.042064523041587559 -0.055728538952619082 0.0015332271937982176 0.0074333223886611961
leaf_weight=21.609406400937587 1.7041212725453077 347.81003174190118 27.89418185595423 10.571217163000254 29.764015955384821 268.65422245231457
leaf_count=268 24 5061 1135 107 302 1985
internal_value=-0.00034567 -0.00373608 -0.0229054 0.00398805 -0.0144593 0.00678338
internal_weight=708.007 397.314 49.5036 310.694 40.3352 270.358
internal_count=8882 6464 1403 2418 409 2009
is_linear=0
shrinkage=0.05


Tree=141
num_leaves=7
num_cat=0
split_feature=8 8 21 20 1 8
split_gain=3.31214 6.29936 7.37075 4.94292 5.0987 4.5626
threshold=200.50000000000003 233.50000000000003 0.067580000000000015 0.24501424501424504 5.1926010000000007 234.50000000000003
decision_type=8 8 2 2 10 8
left_child=3 2 -2 -1 -5 -3
right_child=1 5 -4 4 -6 -7
leaf_value=0.020472053716299184 -0.00035376888140241277 0.059149961603675805 -0.066027070807110719 0.031124253762866417 -0.031075328120243856 0.00021836208529994294
leaf_weight=42.94089475175133 9.4550808609928954 2.3015853594988585 6.8108154092915347 3.7806209484115234 10.044116817414759 632.76374864942045
leaf_count=387 177 6 85 16 61 8119
internal_value=0.000732493 -0.000284741 -0.0300838 0.0122072 -0.0131136 0.000524598
internal_weight=708.097 651.331 16.2659 56.7656 13.8247 635.065
internal_count=8851 8387 262 464 77 8125
is_linear=0
shrinkage=0.05


Tree=142
num_leaves=7
num_cat=0
split_feature=6 1 1 6 2 2
split_gain=3.76606 4.57169 7.36105 5.8861 3.91432 5.49032
threshold=7.5580758937816617 21.934107500000003 19.620833000000001 7.4567101675907184 0.91835350000000016 0.88974550000000008
decision_type=2 8 10 2 2 2
left_child=1 2 -1 -3 5 -2
right_child=4 3 -4 -5 -6 -7
leaf_value=0.0012973426469242691 -0.011665253498194094 -0.0090007480504212603 0.019643729476308051 0.028230776192840697 0.0064559461009564252 -0.065129628483888119
leaf_weight=399.06227769813268 58.130054202600149 139.15529358349158 62.386290159774944 10.517980730975976 26.121539135579951 4.3354345615953198
leaf_count=4619 1582 1930 366 118 180 61
internal_value=-4.90171e-05 0.00135238 0.00381483 -0.00621438 -0.00962379 -0.0163437
internal_weight=699.709 611.122 461.449 149.673 88.587 62.4655
internal_count=8856 7033 4985 2048 1823 1643
is_linear=0
shrinkage=0.05


Tree=143
num_leaves=7
num_cat=0
split_feature=1 8 8 21 2 21
split_gain=5.90911 9.57025 6.71033 6.11657 8.32618 7.51842
threshold=11.713729500000001 199.50000000000003 175.50000000000003 0.77211550000000007 0.78928300000000007 0.47196000000000005
decision_type=8 10 10 2 2 2
left_child=1 2 -1 5 -5 -2
right_child=3 -3 -4 4 -6 -7
leaf_value=-0.0072643909426669696 0.0021512417902571921 -0.05030498621680194 0.034726494428943239 0.031790348143547024 -0.0056133849513049332 -0.020931926473772972
leaf_weight=181.42683768342249 403.48597416456323 11.503831039764917 9.0540519761852902 36.338355251587927 24.298261651303619 37.64610720705241
leaf_count=2593 5141 330 44 232 119 412
internal_value=-0.000707883 -0.00790741 -0.00509752 0.00220022 0.0169541 0.000138442
internal_weight=703.753 201.985 190.481 501.769 60.6366 441.132
internal_count=8871 2967 2637 5904 351 5553
is_linear=0
shrinkage=0.05


Tree=144
num_leaves=7
num_cat=0
split_feature=28 0 2 2 4 23
split_gain=4.82525 7.43022 9.72169 7.2738 5.08942 10.0285
threshold=0.77277241500000005 0.74233700000000014 0.93855200000000016 0.8509365000000001 1162.7233862400003 6.5000000000000009
decision_type=10 2 2 2 2 2
left_child=4 2 -2 -3 -1 -6
right_child=1 3 -4 -5 5 -7
leaf_value=0.0040974662543635338 -0.01247193225578426 -0.027307895536872951 -0.080681647452815974 0.0016486019333397412 -0.0041156029221127667 -0.067552947878602859
leaf_weight=403.62996820692206 18.287496653283601 25.686152745503932 6.5940887639299026 115.26732112863101 111.34468799413298 5.6121085694758213
leaf_count=4656 401 509 64 737 2320 168
internal_value=-0.000933046 -0.0083335 -0.0329677 -0.00378338 0.00143586 -0.0077065
internal_weight=686.422 165.835 24.8816 140.953 520.587 116.957
internal_count=8855 1711 465 1246 7144 2488
is_linear=0
shrinkage=0.05


Tree=145
num_leaves=7
num_cat=0
split_feature=18 2 23 21 28 28
split_gain=3.78184 5.83999 6.22144 4.70853 3.61402 6.2857
threshold=1.0000000180025095e-35 0.93855200000000016 8.5000000000000018 0.7129120000000001 0.65347875000000011 0.6020620750000002
decision_type=2 2 2 2 8 10
left_child=4 2 -2 -3 5 -1
right_child=1 3 -4 -5 -6 -7
leaf_value=0.001259156903203615 0.020282182251932779 0.0087981541735228531 -0.033507255174787351 -0.04499481112396006 -0.00018733845467218638 -0.023271009447133423
leaf_weight=54.856282015098259 61.453347922069952 7.6891987361013872 4.9840956390835336 7.0353722055442631 514.0923924195522 48.676525951712392
leaf_count=715 601 43 121 63 6590 785
internal_value=-0.000573187 0.00950656 0.0158099 -0.0181309 -0.00191099 -0.0103861
internal_weight=698.787 81.162 66.4374 14.7246 617.625 103.533
internal_count=8918 828 722 106 8090 1500
is_linear=0
shrinkage=0.05


Tree=146
num_leaves=7
num_cat=0
split_feature=3 2 28 28 1 28
split_gain=4.66723 9.95928 6.34987 4.76905 4.46877 5.70882
threshold=4.5000000000000009 0.96840900000000019 0.73669930000000006 0.55813973500000003 7.3505108000000012 0.56876298000000014
decision_type=2 2 10 10 10 10
left_child=4 3 -3 -2 -1 -6
right_child=1 2 -4 -5 5 -7
leaf_value=-0.011182506403161091 -0.018486018009996698 0.0048592094116411185 -0.047572241605507007 0.035746081789355809 0.0069355445151394321 -0.0037925714684444375
leaf_weight=102.83750984167273 3.9988083867356172 19.280630695633594 7.1497856276109806 31.885892318561673 195.29842106916476 335.71353196864948
leaf_count=2437 57 86 36 126 2400 3749
internal_value=-0.000405585 0.0125401 -0.0105414 0.0293654 -0.00169605 0.000158692
internal_weight=696.165 62.3151 26.4304 35.8847 633.849 531.012
internal_count=8891 305 122 183 8586 6149
is_linear=0
shrinkage=0.05


Tree=147
num_leaves=7
num_cat=0
split_feature=18 28 2 4 28 1
split_gain=3.31268 4.64378 4.07242 3.61392 5.62449 3.84816
threshold=1.0000000180025095e-35 0.83708705000000017 0.90284700000000007 2212.4623605100001 0.81622776500000016 7.3505108000000012
decision_type=2 10 2 2 8 10
left_child=3 2 -2 5 -5 -1
right_child=1 -3 -4 4 -6 -7
leaf_value=-0.010049785450104693 0.012559391359055476 0.048877536586081294 -0.013488186899387404 0.0023613139781139057 -0.035651699974239934 0.0015675764405012366
leaf_weight=82.213181303581223 57.253403398906812 5.8978877142071715 19.304449068382382 20.105802970356308 17.649704273731913 496.13644722552272
leaf_count=1842 689 14 139 384 580 5240
internal_value=0.000175649 0.00952492 0.00590214 -0.00108901 -0.0158702 -9.83434e-05
internal_weight=698.561 82.4557 76.5579 616.105 37.7555 578.35
internal_count=8888 842 828 8046 964 7082
is_linear=0
shrinkage=0.05


Tree=148
num_leaves=7
num_cat=0
split_feature=8 28 28 8 21 8
split_gain=3.64127 5.30842 5.72569 3.36051 4.45398 4.04881
threshold=201.50000000000003 0.60910895000000009 0.70044592500000002 233.50000000000003 0.10690500000000001 234.50000000000003
decision_type=8 8 10 8 2 8
left_child=1 -1 -3 4 -2 -5
right_child=3 2 -4 5 -6 -7
leaf_value=0.042815787897275741 -0.0037043808824498547 -0.0070296138505510988 0.028258043219604529 0.05673163151150136 -0.06771837584252291 0.00081937979340261993
leaf_weight=11.286139384144915 8.3785747389774752 30.950901442673057 17.020309633109719 2.25472626183182 3.113636687397956 637.41432119246747
leaf_count=66 156 336 107 6 58 8128
internal_value=0.00169393 0.0134532 0.00581191 0.000604818 -0.0250805 0.0011047
internal_weight=710.419 59.2574 47.9712 651.161 11.4922 639.669
internal_count=8857 509 443 8348 214 8134
is_linear=0
shrinkage=0.05


Tree=149
num_leaves=7
num_cat=0
split_feature=18 0 28 4 22 0
split_gain=3.50569 5.03311 10.2267 4.5111 4.1675 5.19885
threshold=1.0000000180025095e-35 0.25827550000000005 0.63528063500000009 590.06042249000018 2.5000000000000004 0.2539845
decision_type=2 2 8 2 2 2
left_child=1 2 -1 -3 -2 -6
right_child=4 3 -4 -5 5 -7
leaf_value=-0.00049575630401579038 0.016221920663246805 0.0044317650347825482 -0.05272431567953767 -0.0045335075988832243 0.026219269591959051 -0.021546966733425744
leaf_weight=26.726223234145436 58.066070164204575 242.4502897746861 13.450623688870108 330.23454406723613 7.1172505291178849 18.387874912004918
leaf_count=470 611 2005 893 4690 73 142
internal_value=-0.000638256 -0.00195221 -0.0188369 -0.000736885 0.00890662 -0.00773139
internal_weight=696.433 612.862 40.1768 572.685 83.5712 25.5051
internal_count=8884 8058 1363 6695 826 215
is_linear=0
shrinkage=0.05


Tree=150
num_leaves=7
num_cat=0
split_feature=20 21 21 2 0 2
split_gain=4.11174 4.05517 7.77198 5.17638 3.58329 4.80326
threshold=0.39846223428312982 0.71921200000000007 0.94868400000000008 0.43218850000000003 0.083251000000000006 0.60589400000000004
decision_type=2 2 2 2 2 2
left_child=1 3 -3 -1 5 -2
right_child=4 2 -4 -5 -6 -7
leaf_value=-0.016518240973953501 0.033771523727865072 0.031647095297106319 0.00036574626589206831 0.00079597417459287007 -0.030354337187552469 -0.052328683787985934
leaf_weight=45.94962986340397 5.0050400011241463 28.876042793388478 59.27784835640341 535.10638403333724 18.197919397149235 1.2488842206075785
leaf_count=2234 27 175 371 5891 131 11
internal_value=0.000174352 0.0009232 0.0108524 -0.000599252 -0.0195515 0.0117341
internal_weight=693.662 669.21 88.1539 581.056 24.4518 6.25392
internal_count=8840 8671 546 8125 169 38
is_linear=0
shrinkage=0.05


Tree=151
num_leaves=7
num_cat=0
split_feature=4 1 1 18 1 28
split_gain=3.4225 5.31428 7.68596 4.54561 6.02311 4.91991
threshold=1354.6903298900004 27.036149000000005 29.153727000000003 0.82500000000000007 8.7683315000000022 0.65192437000000003
decision_type=2 10 10 2 10 10
left_child=3 -2 -3 4 -1 -5
right_child=1 2 -4 5 -6 -7
leaf_value=-0.0097694745845999312 -0.010827995317122318 0.057063588014940263 -0.0045620396454125337 0.0048571069772396711 0.0031760554716064454 0.040894333827994109
leaf_weight=115.93135937963962 129.32729591138195 6.4538845662027624 15.344973465893416 28.351172163616866 386.96665240824223 13.470725005492566
leaf_count=2183 2737 30 122 255 3531 52
internal_value=-0.000338993 -0.00697056 0.0153858 0.00151026 0.000178301 0.0171485
internal_weight=695.846 151.126 21.7989 544.72 502.898 41.8219
internal_count=8910 2889 152 6021 5714 307
is_linear=0
shrinkage=0.05


Tree=152
num_leaves=7
num_cat=0
split_feature=8 8 0 28 4 0
split_gain=4.34689 5.07675 4.25576 4.04069 4.89935 3.09581
threshold=146.50000000000003 142.50000000000003 0.99030050000000014 0.73669930000000006 399.90968173500005 0.92718800000000012
decision_type=10 10 2 8 2 2
left_child=1 2 -1 5 -5 -2
right_child=3 -3 -4 4 -6 -7
leaf_value=-0.0030376496663434326 0.026511556759896873 -0.053781746511822895 0.0074467627947166597 -0.053090284794698878 0.0058299045751880711 -0.041331757688314145
leaf_weight=494.7890560578162 33.503251436282881 3.5890701087191692 119.28268139832653 2.8599911686033002 40.06676982389763 0.89842676743864913
leaf_count=6911 318 64 911 71 586 12
internal_value=1.95863e-05 -0.00138545 -0.000992269 0.0111167 0.00078511 0.0236223
internal_weight=694.989 617.661 614.072 77.3284 42.9268 34.4017
internal_count=8873 7886 7822 987 657 330
is_linear=0
shrinkage=0.05


Tree=153
num_leaves=7
num_cat=0
split_feature=0 0 21 28 27 2
split_gain=3.99134 9.15596 7.33983 8.88466 7.0878 6.41515
threshold=0.55168200000000012 0.49182700000000007 0.8634670000000001 0.68815791500000012 0.0041235071036395546 0.93251600000000001
decision_type=2 2 2 10 2 2
left_child=1 4 5 -4 -1 -2
right_child=2 -3 3 -5 -6 -7
leaf_value=0.0013977812864063672 -0.0035425426699662293 -0.032633890696831716 0.038008413429049551 -0.019438379830880849 -0.031061316983988708 0.0092447756439996403
leaf_weight=203.93933909918997 251.86465643544216 25.020289144478738 27.568233070429415 8.1171851539984328 17.323521120320947 159.26627850870136
leaf_count=2818 3658 422 108 46 1049 785
internal_value=0.000522427 -0.00457708 0.0033372 0.0247676 -0.00127188 0.00142149
internal_weight=693.1 246.283 446.816 35.6854 221.263 411.131
internal_count=8886 4289 4597 154 3867 4443
is_linear=0
shrinkage=0.05


Tree=154
num_leaves=7
num_cat=0
split_feature=6 8 0 2 5 2
split_gain=3.9031 3.69292 5.09442 3.96183 2.63439 3.10235
threshold=7.7023132471605615 267.50000000000006 0.41022050000000004 0.44264450000000005 0.16369340730783219 0.41841700000000004
decision_type=2 10 2 2 2 2
left_child=1 3 -3 -1 5 -2
right_child=4 2 -4 -5 -6 -7
leaf_value=-0.012877220571099449 -0.045678629449628999 -0.042533429938399842 0.036396820345897626 0.0018175902167456327 -0.022798385197909714 0.0043432737217511458
leaf_weight=48.880999504501233 2.5017204043979318 1.5418783887289453 12.653416134882717 569.38675708277151 28.477099693205673 26.05500162858516
leaf_count=1912 246 94 141 5484 602 449
internal_value=9.95661e-05 0.00123642 0.0255886 0.000636882 -0.0123114 -0.0014361
internal_weight=689.497 632.463 14.1953 618.268 57.0338 28.5567
internal_count=8928 7631 235 7396 1297 695
is_linear=0
shrinkage=0.05


Tree=155
num_leaves=7
num_cat=0
split_feature=18 8 28 0 2 1
split_gain=3.9481 4.94234 5.49051 5.47004 3.67917 7.44406
threshold=0.68500000000000016 82.500000000000014 0.65192437000000003 0.79136700000000004 0.93855200000000016 23.957691000000001
decision_type=2 10 10 2 2 8
left_child=1 3 -3 -1 -2 -6
right_child=4 2 -4 -5 5 -7
leaf_value=-0.0081662524545733535 0.015597108057717269 -0.0017117911788832472 0.021830398622569445 0.0022376135661911142 -0.050855944192889559 0.017049085976525821
leaf_weight=276.39022734371974 63.702261614147574 55.636251854361035 43.443306674773339 231.37814032845199 5.8861124934628579 8.9092866471037269
leaf_count=4875 708 856 319 2013 50 50
internal_value=-6.42356e-05 -0.00143457 0.00872571 -0.00343037 0.0104143 -0.0114752
internal_weight=685.346 606.848 99.0796 507.768 78.4977 14.7954
internal_count=8871 8063 1175 6888 808 100
is_linear=0
shrinkage=0.05


Tree=156
num_leaves=7
num_cat=0
split_feature=1 1 18 2 0 0
split_gain=3.95588 7.26325 5.22169 4.88593 4.33633 3.55189
threshold=11.713729500000001 11.022336500000003 0.76000000000000012 0.31622600000000006 0.35551000000000005 0.42865350000000008
decision_type=10 10 2 2 2 2
left_child=1 3 4 -1 -2 -4
right_child=2 -3 5 -5 -6 -7
leaf_value=-0.030101065206557399 0.039953385031084782 -0.050085287883438523 -0.021143640712809685 -0.0012340290203866342 0.001263063848376336 0.035315085749278108
leaf_weight=14.648950864037031 6.3769796157721421 7.4989582666312335 2.5919418595731285 233.35916372493375 402.58233200479299 17.613958390429616
leaf_count=844 31 199 11 3494 4224 83
internal_value=0.000291631 -0.00462338 0.00322177 -0.00305314 0.00196235 0.0274172
internal_weight=684.672 255.507 429.165 248.008 408.959 20.2059
internal_count=8886 4537 4349 4338 4255 94
is_linear=0
shrinkage=0.05


Tree=157
num_leaves=6
num_cat=0
split_feature=13 0 0 18 28
split_gain=4.31364 4.28221 4.16353 3.53812 1.85479
threshold=0.26000000000000006 0.12658950000000005 0.29444100000000001 0.89500000000000013 0.62531485000000009
decision_type=2 2 2 2 8
left_child=4 3 -3 -2 -1
right_child=1 2 -4 -5 -6
leaf_value=0.0010350201891753418 -0.023088720279954636 0.016674918410259469 -2.0647904210818026e-06 0.021888326694200957 -0.06381875115329326
leaf_weight=1.5096690412610758 29.641306328820065 38.916964845964685 599.58119705854915 4.2889488610671824 2.7938268125290051
leaf_count=8 1175 597 6926 147 54
internal_value=-0.000246189 0.00010791 0.0010389 -0.0169395 -0.0451626
internal_weight=676.732 672.428 638.498 33.9303 4.3035
internal_count=8907 8845 7523 1322 62
is_linear=0
shrinkage=0.05


Tree=158
num_leaves=7
num_cat=0
split_feature=13 1 22 21 0 21
split_gain=3.54592 6.18463 7.28474 3.84319 7.10837 4.10955
threshold=0.46200000000000002 20.588129000000006 2.5000000000000004 0.25844450000000002 0.37120350000000008 0.32274900000000006
decision_type=2 10 2 2 2 2
left_child=1 2 -1 4 -2 -5
right_child=3 -3 -4 5 -6 -7
leaf_value=0.00055446233106305743 -0.024055961169196314 -0.043336573397456377 -0.056920248222123541 0.02391184149816758 0.00035438307598686914 0.0038476960616442984
leaf_weight=68.4693046004395 31.828952391057101 10.662029054947196 4.9942254363559178 28.090963072667364 325.50367091479711 213.58143239747733
leaf_count=761 1427 153 47 251 4613 1646
internal_value=5.72565e-05 -0.00949265 -0.00406474 0.00141205 -0.001881 0.00626879
internal_weight=683.131 84.1256 73.4635 599.005 357.333 241.672
internal_count=8898 961 808 7937 6040 1897
is_linear=0
shrinkage=0.05


Tree=159
num_leaves=7
num_cat=0
split_feature=18 5 0 13 27 14
split_gain=4.23186 4.70535 7.60959 5.22668 3.44169 3.01289
threshold=1.0000000180025095e-35 0.26144994539011696 0.92489150000000009 0.72000000000000008 0.12980295566502467 1.0000000180025095e-35
decision_type=2 2 2 2 2 10
left_child=1 3 -3 -1 5 -2
right_child=4 2 -4 -5 -6 -7
leaf_value=-0.028034599768608028 0.015930686044935988 -0.0021995024659224342 0.012536995718103898 0.0049883990116262687 -0.025125817931815755 -0.040680585298017408
leaf_weight=29.943375700080651 73.644492332125083 447.25422200314642 107.88337734108791 19.122333658218849 5.0722542306175447 1.4937397949397553
leaf_count=828 656 6059 722 449 146 25
internal_value=0.000798274 -0.000641062 0.000681727 -0.015322 0.0115148 0.0142857
internal_weight=684.414 604.203 555.138 49.0657 80.2105 75.1382
internal_count=8885 8058 6781 1277 827 681
is_linear=0
shrinkage=0.05


Tree=160
num_leaves=7
num_cat=0
split_feature=4 13 1 12 21 22
split_gain=3.52506 4.73675 4.95731 4.71386 5.27357 4.10396
threshold=554.30336953500012 0.46200000000000002 15.139119500000001 inf 0.76043500000000008 1.5000000000000002
decision_type=2 2 10 8 2 2
left_child=1 5 -3 -2 -5 -1
right_child=3 2 -4 4 -6 -7
leaf_value=-0.023270891250135359 0.0015128206151000347 0.0025853382840520518 0.017801744616283074 -0.0070041694618071153 -0.044709454737808359 0.023996233365438071
leaf_weight=22.215494747739289 284.13821980688954 167.600324835832 77.938410355476663 116.4312963130651 9.1522379464004171 4.861314075998961
leaf_count=290 4318 2080 383 1700 82 40
internal_value=0.000872904 0.00526847 0.00746791 -0.00205747 -0.0100835 -0.0142322
internal_weight=682.337 272.616 245.539 409.722 125.584 27.0768
internal_count=8893 2793 2463 6100 1782 330
is_linear=0
shrinkage=0.05


Tree=161
num_leaves=7
num_cat=0
split_feature=21 21 5 6 0 0
split_gain=2.7743 6.632 5.44888 4.85183 9.40671 5.12462
threshold=0.74482050000000011 0.96275850000000007 0.88939880885014833 5.386657205590196 0.83634550000000007 0.71978800000000009
decision_type=2 2 2 2 2 2
left_child=3 2 -2 4 -1 -5
right_child=1 -3 -4 5 -6 -7
leaf_value=0.016490887726310716 0.034295493435923474 -0.00019811501849849127 -0.055153138831251017 -0.0094040904569041642 -0.050084193849127767 0.00082397781627439621
leaf_weight=61.732360980473459 24.329941858653914 75.042562971822917 0.9420176362618794 203.12033360618807 4.8281408129259935 305.77801037102472
leaf_count=659 152 497 9 4525 47 3008
internal_value=-0.000262487 0.00736843 0.0289889 -0.00160319 0.0109918 -0.00326886
internal_weight=675.773 100.315 25.272 575.459 66.5605 508.898
internal_count=8897 658 161 8239 706 7533
is_linear=0
shrinkage=0.05


Tree=162
num_leaves=7
num_cat=0
split_feature=0 21 4 0 4 24
split_gain=3.93575 6.14663 9.26276 4.05089 3.87324 4.00757
threshold=0.55168200000000012 0.12414400000000002 195.28128116000002 0.53800150000000013 361.31758183000005 5.5000000000000009
decision_type=2 2 2 2 2 2
left_child=1 2 -1 -3 -2 -6
right_child=4 3 -4 -5 5 -7
leaf_value=0.0087382977463058981 0.012803926750176348 0.00067721838502784743 -0.034066099703357958 -0.051116002024810009 -0.00087292307850468046 0.01649206667250179
leaf_weight=18.757737924228422 82.819648682605475 179.33176521997666 35.680802928232879 2.8560335645452133 328.47873521014117 35.955001189373434
leaf_count=351 407 1990 1959 29 3976 208
internal_value=0.000355057 -0.00484754 -0.0194255 -0.000409312 0.00311225 0.000880747
internal_weight=683.88 236.626 54.4385 182.188 447.253 364.434
internal_count=8920 4329 2310 2019 4591 4184
is_linear=0
shrinkage=0.05


Tree=163
num_leaves=7
num_cat=0
split_feature=23 1 4 23 0 8
split_gain=2.77202 12.2279 5.91573 3.31223 3.93768 2.95645
threshold=6.5000000000000009 8.9289340000000017 1033.3125837950004 5.5000000000000009 0.46246000000000004 204.50000000000003
decision_type=2 8 2 2 2 8
left_child=3 -2 -3 5 -5 -1
right_child=1 2 -4 4 -6 -7
leaf_value=0.011036893011293228 -0.060303888130383655 0.01700984331063532 -0.031554274551073701 -0.0024284506941466152 0.04891074037497041 -0.0011411175076149085
leaf_weight=53.645834141410887 9.1987501718103868 21.050340313930068 7.7713649489451191 7.1505946062970889 6.6182757467031479 565.42638911705581
leaf_count=559 108 145 168 82 26 7822
internal_value=-0.000308311 -0.0132424 0.00329622 0.000488424 0.0238896 -6.97319e-05
internal_weight=670.862 38.0205 28.8217 632.841 13.7689 619.072
internal_count=8910 421 313 8489 108 8381
is_linear=0
shrinkage=0.05


Tree=164
num_leaves=7
num_cat=0
split_feature=23 1 5 0 21 1
split_gain=4.77664 7.42339 8.58096 5.77566 4.50662 7.95849
threshold=6.5000000000000009 8.9289340000000017 0.85433239678445283 0.29444100000000001 0.20530350000000003 8.7683315000000022
decision_type=2 8 2 2 2 8
left_child=4 3 -3 -2 5 -1
right_child=1 2 -4 -5 -6 -7
leaf_value=-0.026087475565028523 -0.0035951763321294978 -0.01821384375118848 0.045062855667422186 -0.080278915762372824 0.0078207864225976458 0.0013461940246668196
leaf_weight=27.523894476995338 4.092938937712459 18.843140167300593 6.3401896413415662 5.5269528143107891 261.33503594447393 360.34891671870719
leaf_count=988 49 281 24 59 2009 5497
internal_value=0.00178254 -0.0160024 -0.00117059 -0.0510633 0.00275911 -0.000662609
internal_weight=684.011 34.8032 25.1833 9.61989 649.208 387.873
internal_count=8907 413 305 108 8494 6485
is_linear=0
shrinkage=0.05


Tree=165
num_leaves=5
num_cat=0
split_feature=20 18 15 2
split_gain=4.43632 2.98244 3.58106 3.49593
threshold=0.45195195195195198 1.0000000180025095e-35 1.0000000180025095e-35 0.31622600000000006
decision_type=2 2 2 2
left_child=1 3 -3 -1
right_child=-2 2 -4 -5
leaf_value=-0.027435866907007528 -0.057597970810237931 0.011315482503716237 -0.046324741241031427 -0.00014195357460405339
leaf_weight=10.974832068706744 2.2967098224908105 79.276635018526576 1.8168221069499839 579.0766473278054
leaf_count=844 46 807 29 7159
internal_value=0.000262606 0.000546008 0.00947555 -0.000695174
internal_weight=673.442 671.145 81.0935 590.051
internal_count=8885 8839 836 8003
is_linear=0
shrinkage=0.05


Tree=166
num_leaves=7
num_cat=0
split_feature=8 1 3 8 2 2
split_gain=3.65043 5.64961 5.14514 4.35815 3.51143 7.78849
threshold=176.50000000000003 9.4568165000000022 2.5000000000000004 199.50000000000003 0.41597750000000006 0.20586300000000005
decision_type=10 8 2 8 2 2
left_child=4 3 -3 -2 5 -1
right_child=1 2 -4 -5 -6 -7
leaf_value=0.025777789320853284 0.006547605419019515 0.00044721066455896853 0.032677860585022277 -0.060262548941399034 -0.0015208653761142781 -0.028917485169047963
leaf_weight=7.472330529082682 4.8586642406880856 23.847785179328639 24.817817309754901 3.5758119309903105 576.6696487852314 28.996145053875807
leaf_count=224 26 480 181 157 6245 1613
internal_value=-0.00135597 0.0106264 0.0172108 -0.025162 -0.00248734 -0.0173216
internal_weight=670.238 57.1001 48.6656 8.43448 613.138 36.4685
internal_count=8926 844 661 183 8082 1837
is_linear=0
shrinkage=0.05


Tree=167
num_leaves=7
num_cat=0
split_feature=5 12 1 27 18 28
split_gain=3.49773 4.92713 4.13362 3.9593 3.60171 5.05536
threshold=0.22881873565525873 inf 27.036149000000005 1.0000000180025095e-35 0.85500000000000009 0.47349879000000006
decision_type=2 8 10 2 2 10
left_child=1 2 -1 -3 -2 -6
right_child=4 3 -4 -5 5 -7
leaf_value=-0.01175132697168973 -0.00043096590425122376 -0.062730015696877778 0.029751668938120059 0.0053559201635304731 -0.011350760137673301 0.026234606091390961
leaf_weight=36.220194168388844 574.91549244233465 6.5280426144599897 6.1738231675699344 2.7739890264347196 12.232111262041142 28.12876383960247
leaf_count=946 7239 245 46 55 182 167
internal_value=-0.000464371 -0.0128278 -0.00516093 -0.0438769 0.000593544 0.0148446
internal_weight=666.972 51.696 42.394 9.30203 615.276 40.3609
internal_count=8880 1292 992 300 7588 349
is_linear=0
shrinkage=0.05


Tree=168
num_leaves=7
num_cat=0
split_feature=21 1 28 1 4 21
split_gain=4.15152 7.43449 6.96474 5.27848 5.13359 4.78632
threshold=0.20530350000000003 10.123869500000001 0.56352487000000007 27.036149000000005 203.40142711500002 0.24068950000000003
decision_type=2 8 8 10 2 2
left_child=1 4 -3 5 -1 -2
right_child=3 2 -4 -5 -6 -7
leaf_value=-0.00080132005310960949 0.023792535608003866 0.032361007032297322 -0.0026510129954414796 0.040590270920180666 -0.033378513898198119 0.00081036710865691093
leaf_weight=19.184530916623771 23.815264906152152 13.87903653946705 312.53627467794286 8.5648590009659511 31.947978096897714 261.187899721961
leaf_count=266 177 174 4748 26 1296 2246
internal_value=-0.000408397 -0.00387168 -0.00106803 0.00404364 -0.0214056 0.00280726
internal_weight=671.116 377.548 326.415 293.568 51.1325 285.003
internal_count=8933 6484 4922 2449 1562 2423
is_linear=0
shrinkage=0.05


Tree=169
num_leaves=5
num_cat=0
split_feature=16 4 4 28
split_gain=3.4454 3.04284 2.98522 2.45579
threshold=1.0000000180025095e-35 31.539782810000002 267.29520355500006 0.62333305000000017
decision_type=10 2 2 10
left_child=1 3 -3 -1
right_child=-2 2 -4 -5
leaf_value=-0.051627935202714963 -0.054350933439896179 0.0086295421907381289 -0.0006328169157863219 0.00061783929426457963
leaf_weight=4.0384493131423351 1.8845711024478067 101.95251293148613 560.40478379549313 4.0206985957920551
leaf_count=72 28 971 7782 29
internal_value=0.000177283 0.000411286 0.00080374 -0.0283716
internal_weight=672.301 670.416 662.357 8.05915
internal_count=8882 8854 8753 101
is_linear=0
shrinkage=0.05


Tree=170
num_leaves=7
num_cat=0
split_feature=1 0 21 21 21 0
split_gain=3.5219 4.49493 3.80157 5.4592 5.1731 3.68377
threshold=13.099069000000002 0.37370650000000011 0.42163750000000005 0.35805850000000006 0.52565800000000007 0.62476750000000014
decision_type=10 2 2 2 2 2
left_child=2 -2 3 -1 -4 -3
right_child=1 5 4 -5 -6 -7
leaf_value=-0.0060892199885571631 0.0422510223320815 -0.010987406814593446 0.021461098338313122 -0.04729967550556425 -0.002273894584403008 0.0049755833081169907
leaf_weight=155.1107637160967 6.5600032706279299 39.489641145337373 28.865796287660487 7.5169183897087342 98.580907833413221 339.23808112193365
leaf_count=3810 23 699 265 162 834 3101
internal_value=0.000929237 0.00405766 -0.00322572 -0.00827146 0.00322715 0.00328658
internal_weight=675.362 385.288 290.074 162.628 127.447 378.728
internal_count=8894 3823 5071 3972 1099 3800
is_linear=0
shrinkage=0.05


Tree=171
num_leaves=7
num_cat=0
split_feature=6 0 22 3 10 2
split_gain=4.04176 9.23381 6.4618 6.20868 5.08444 6.89776
threshold=6.4917415954307751 0.96035300000000012 3.5000000000000004 4.5000000000000009 17.500000000000004 0.98773500000000014
decision_type=2 2 2 2 2 2
left_child=4 3 -3 -2 5 -1
right_child=1 2 -4 -5 -6 -7
leaf_value=-0.038457029046709855 -0.011383307683758333 0.011380045705765948 -0.043485345944633741 0.014744442683043868 0.0058212629397668796 0.021265531550461458
leaf_weight=13.885418163961733 231.11618960365013 102.2204412141582 4.6879342775791875 24.346575418487191 287.12473434125423 6.3866281975060692
leaf_count=469 4581 849 40 107 2792 43
internal_value=-0.000118276 -0.00369104 0.00859351 -0.00884545 0.00409175 -0.0195265
internal_weight=669.768 362.371 106.908 255.463 307.397 20.272
internal_count=8881 5577 889 4688 3304 512
is_linear=0
shrinkage=0.05


Tree=172
num_leaves=7
num_cat=0
split_feature=0 18 5 23 5 4
split_gain=2.86697 5.42394 10.3953 6.5868 3.89971 4.37452
threshold=0.67091250000000013 0.68500000000000016 0.57178142818226407 8.5000000000000018 0.86591286289991787 258.47274122000005
decision_type=2 2 2 2 2 2
left_child=1 2 -1 -3 5 -2
right_child=4 3 -4 -5 -6 -7
leaf_value=-0.026814617083477283 0.03386222907735395 0.015335838492520393 -0.0016119253927872374 -0.056351816612494554 -0.027709546227286476 0.0025705816084146695
leaf_weight=50.919992759074375 10.5437790119322 48.408348446362652 193.72399201302323 2.4522145385853937 9.2562216287478787 355.70372070523445
leaf_count=1760 43 505 2875 105 85 3538
internal_value=-0.000177493 -0.00385463 -0.0069454 0.0108595 0.0027188 0.00356118
internal_weight=671.008 295.505 244.644 50.8606 375.504 366.247
internal_count=8911 5245 4635 610 3666 3581
is_linear=0
shrinkage=0.05


Tree=173
num_leaves=7
num_cat=0
split_feature=13 0 1 0 4 4
split_gain=4.67959 5.12435 5.91538 4.75096 4.43861 8.76792
threshold=0.46200000000000002 0.72304900000000016 17.247144000000002 0.77301550000000008 1354.6903298900004 1730.4444045550001
decision_type=2 2 10 2 2 2
left_child=1 2 -1 -3 -2 -6
right_child=4 3 -4 -5 5 -7
leaf_value=-0.0058216970291719598 0.0033532192889478758 -0.066024098192383029 0.052327781879513494 -0.016428234817015212 -0.032315885518531207 -0.00031570240139714372
leaf_weight=31.258305551367812 462.87875251370133 4.8203705241903654 4.0612007658928624 37.087161128409207 26.280783680733293 99.492871853850374
leaf_count=478 5307 84 16 357 620 1994
internal_value=-0.000436042 -0.0119261 0.00212127 -0.0235387 0.00108905 -0.0072044
internal_weight=665.879 77.227 35.3195 41.9075 588.652 125.774
internal_count=8856 935 494 441 7921 2614
is_linear=0
shrinkage=0.05


Tree=174
num_leaves=7
num_cat=0
split_feature=8 1 21 21 8 27
split_gain=2.81836 5.86163 3.13054 10.2187 4.19475 2.73651
threshold=266.50000000000006 9.4568165000000022 0.42163750000000005 0.35190900000000008 144.50000000000003 0.0058027947696279265
decision_type=10 10 2 2 8 2
left_child=2 -2 3 -1 -4 -3
right_child=1 5 4 -5 -6 -7
leaf_value=-0.0013027853034296719 -0.041225283258236066 0.041396270037336209 -0.059578364914304384 -0.040526446750196787 0.0057684005088231216 -0.013224519450795788
leaf_weight=445.26915312479832 2.4136280924431075 11.811954056844113 1.4948486532084642 16.252182287455071 182.9684517197893 2.2929395542014381
leaf_count=6925 165 67 28 247 1371 98
internal_value=-3.30157e-05 0.0197558 -0.000568789 -0.00276866 0.00492046 0.0322293
internal_weight=662.503 16.5185 645.985 461.521 184.463 14.1049
internal_count=8901 330 8571 7172 1399 165
is_linear=0
shrinkage=0.05


Tree=175
num_leaves=7
num_cat=0
split_feature=18 18 23 21 21 4
split_gain=3.12948 4.15328 4.27212 3.79587 3.33941 9.58941
threshold=1.0000000180025095e-35 0.89500000000000013 1.0000000180025095e-35 0.72822000000000009 0.74482050000000011 223.63567253500003
decision_type=2 2 2 2 2 2
left_child=4 2 -2 -3 -1 -6
right_child=1 3 -4 -5 5 -7
leaf_value=-0.0013175603851181261 0.041694924250479666 0.0063506330688016385 0.0096518410869296453 -0.036345287767788101 -0.050265856475803131 0.015419173651366885
leaf_weight=523.92661430369481 13.27883962006308 15.819329821504654 41.867180814850144 6.5968968268716699 5.0828637834638348 66.48489016178064
leaf_count=7571 110 263 377 77 37 415
internal_value=0.00130995 0.0106897 0.0179728 -0.00722994 7.23869e-05 0.0101257
internal_weight=673.057 77.5622 55.146 22.4162 595.494 71.5678
internal_count=8850 827 487 340 8023 452
is_linear=0
shrinkage=0.05


Tree=176
num_leaves=7
num_cat=0
split_feature=14 4 0 21 2 2
split_gain=3.2075 2.31593 5.52565 3.22977 0.199232 0.203488
threshold=1.0000000180025095e-35 2012.2690599350003 0.92489150000000009 0.75556350000000017 0.49775950000000008 0.40315100000000009
decision_type=10 2 2 2 2 2
left_child=1 2 -1 -3 5 -2
right_child=4 3 -4 -5 -6 -7
leaf_value=-8.1342967237927252e-05 -0.018249624942371527 -0.013179790507473791 0.011852732973337804 0.010199845559089125 -0.057361815146129272 0.010779118083596002
leaf_weight=478.16005185017275 0.38185606244951431 54.37940016612265 120.67180460609961 19.310305716469884 1.4488339684903619 0.21304518636316061
leaf_count=6379 13 1525 834 127 10 5
internal_value=0.00107736 0.00130722 0.00233927 -0.00699865 -0.0501398 -0.00761351
internal_weight=674.565 672.522 598.832 73.6897 2.04374 0.594901
internal_count=8893 8865 7213 1652 28 18
is_linear=0
shrinkage=0.05


Tree=177
num_leaves=7
num_cat=0
split_feature=4 1 28 18 18 13
split_gain=2.43684 3.82339 3.0045 2.5409 2.42704 2.35749
threshold=2012.2690599350003 32.410945000000005 0.8553853250000002 0.8650000000000001 0.84500000000000008 0.46200000000000002
decision_type=2 10 8 2 2 2
left_child=1 5 -3 4 -2 -1
right_child=3 2 -4 -5 -6 -7
leaf_value=-0.0066601332977374002 -0.0069707324732086202 0.053272927640261036 -0.009239042591842439 -0.037725225393014941 0.028991105116727096 0.0030161134624596846
leaf_weight=70.697769403981511 63.210267410169763 5.3535517044365397 2.3800580995157361 5.2985752567183217 4.078732557129114 517.19857321450399
leaf_count=802 1402 15 13 204 27 6388
internal_value=0.00127717 0.00233423 0.0351795 -0.00731061 -0.00439829 0.00184316
internal_weight=668.218 595.63 7.73361 72.5876 67.289 587.896
internal_count=8851 7218 28 1633 1429 7190
is_linear=0
shrinkage=0.05


Tree=178
num_leaves=7
num_cat=0
split_feature=1 21 1 2 2 5
split_gain=4.83044 3.68172 3.96123 3.5424 4.45321 3.40508
threshold=15.720197000000001 0.77211550000000007 15.792577000000003 0.42914850000000004 0.37211950000000005 0.19871987650459758
decision_type=10 2 10 2 2 2
left_child=3 2 -2 4 -1 -3
right_child=1 5 -4 -5 -6 -7
leaf_value=-0.0060286062478491819 0.041515991982455661 -0.046836024098813177 0.0022274614757105504 -0.001832577472511874 -0.040400594570408337 0.027352769900971748
leaf_weight=30.765395928974613 5.5876047704368821 0.75928680598736065 254.99043931800406 329.74739716050681 12.87797325424617 23.449491333216429
leaf_count=1525 24 7 2650 3958 599 95
internal_value=0.000108868 0.00500395 0.00322542 -0.00362803 -0.0168486 0.0232603
internal_weight=658.178 284.787 260.578 373.391 43.6434 24.2088
internal_count=8858 2776 2674 6082 2124 102
is_linear=0
shrinkage=0.05


Tree=179
num_leaves=7
num_cat=0
split_feature=3 2 28 1 2 1
split_gain=3.85842 7.19538 7.17501 4.18058 2.66866 4.08468
threshold=4.5000000000000009 0.99408450000000015 0.73669930000000006 11.713729500000001 0.9742090000000001 23.472808500000003
decision_type=2 2 10 10 2 10
left_child=4 3 -3 -2 -1 -6
right_child=1 2 -4 -5 5 -7
leaf_value=-0.0015657857235162492 0.013181680309005885 0.010773565694789553 -0.048412902322828723 0.047810493906177601 0.00034204690077244566 0.021688085382646331
leaf_weight=506.74101474472263 26.651236351579428 13.617275444790723 6.9537102263420811 12.875470529310403 68.899632796877995 32.238462527049705
leaf_count=8033 165 63 33 42 374 140
internal_value=0.00112123 0.0130987 -0.0105504 0.0253631 -8.24894e-05 0.00729197
internal_weight=667.977 60.0977 20.571 39.5267 607.879 101.138
internal_count=8850 303 96 207 8547 514
is_linear=0
shrinkage=0.05


Tree=180
num_leaves=7
num_cat=0
split_feature=21 21 12 0 0 28
split_gain=3.59011 7.03668 5.31461 5.6327 5.34102 3.89022
threshold=0.25844450000000002 0.24417300000000003 1.0000000180025095e-35 0.46023450000000005 0.32606550000000006 0.85355337500000006
decision_type=2 2 8 2 2 10
left_child=1 -1 3 -2 -4 -3
right_child=2 5 4 -5 -6 -7
leaf_value=-0.001845148429147148 -0.048562445187584374 -0.063059562868336069 0.01944073353011018 -0.0018406590192778572 0.002475721460357442 0.033874901164050598
leaf_weight=405.25284893313074 7.5318147708894676 5.8430668821092686 66.435887901810929 26.798399573192 149.83498523524031 0.57297691656276573
leaf_count=6670 224 108 763 201 913 2
internal_value=0.000137353 -0.00273302 0.00484471 -0.0131755 0.00775267 -0.0510024
internal_weight=662.27 411.669 250.601 34.3302 216.271 6.41604
internal_count=8881 6780 2101 425 1676 110
is_linear=0
shrinkage=0.05


Tree=181
num_leaves=7
num_cat=0
split_feature=8 28 2 6 6 12
split_gain=3.47617 4.19296 7.07067 3.39033 4.07329 4.00895
threshold=200.50000000000003 0.70044592500000002 0.77766850000000021 5.8925211153384716 6.0017114824987283 inf
decision_type=8 10 2 2 2 8
left_child=1 2 -1 5 -5 -2
right_child=3 -3 -4 4 -6 -7
leaf_value=0.010613785332315776 -0.0049086177485929174 0.032069183096229262 -0.052075435988007512 -0.033826067452175868 -0.0024241148961760845 0.01179284298336091
leaf_weight=33.871507704025134 57.198718897736399 16.799944355414482 4.1662334664724758 9.5823230131063593 444.99071240735793 93.636002452927642
leaf_count=350 803 98 35 218 6646 742
internal_value=9.55404e-05 0.0120334 0.00258941 -0.00100384 -0.00315886 0.00546879
internal_weight=660.245 54.8377 38.0377 605.408 454.573 150.835
internal_count=8892 483 385 8409 6864 1545
is_linear=0
shrinkage=0.05


Tree=182
num_leaves=7
num_cat=0
split_feature=21 28 2 28 0 5
split_gain=3.32034 6.00489 7.75161 5.3768 7.41086 4.01274
threshold=0.20530350000000003 0.56156695000000012 0.93659550000000003 0.54571986000000006 0.34063600000000005 0.66142716560157411
decision_type=2 8 2 8 2 2
left_child=3 2 -2 5 -5 -1
right_child=1 -3 -4 4 -6 -7
leaf_value=-0.010926559899143838 -0.053908141884271801 0.0072495759255708008 0.0088980352912863114 -0.03533297772157637 -0.0014578185518784041 0.044748344576574728
leaf_weight=4.2162143518216899 8.4998694444075245 263.80129281920381 9.6758324019610864 15.935374775297531 348.78050294786226 9.3809927967376989
leaf_count=123 150 2178 66 1064 5139 100
internal_value=0.0012125 0.00530987 -0.0217529 -0.00184744 -0.00303048 0.0279188
internal_weight=660.29 281.977 18.1757 378.313 364.716 13.5972
internal_count=8820 2394 216 6426 6203 223
is_linear=0
shrinkage=0.05


Tree=183
num_leaves=7
num_cat=0
split_feature=4 1 12 5 1 1
split_gain=2.81405 5.7037 4.44908 3.28011 4.36384 3.64275
threshold=1060.6149326500001 27.036149000000005 inf 0.50322791315296433 25.100919000000001 21.171678500000002
decision_type=2 10 8 2 10 10
left_child=3 2 -2 4 -1 -5
right_child=1 -3 -4 5 -6 -7
leaf_value=0.028580069107755502 -0.0018563241104235574 0.016894179394014299 -0.018839483515122171 0.0039924433686585143 -0.047519492697129254 -0.0099682648655407373
leaf_weight=19.433565370505679 127.42567315531051 27.912334176944569 54.459499861281074 375.98700038468814 1.1746845422312606 52.370515690650791
leaf_count=162 2610 177 989 4458 15 457
internal_value=0.000998787 -0.00377034 -0.00701658 0.00323078 0.0222439 0.00226638
internal_weight=658.763 209.798 181.885 448.966 20.6082 428.358
internal_count=8868 3776 3599 5092 177 4915
is_linear=0
shrinkage=0.05


Tree=184
num_leaves=7
num_cat=0
split_feature=1 6 6 2 28 2
split_gain=3.55381 4.8021 2.6546 4.72109 3.38789 2.57897
threshold=32.410945000000005 7.6075149227789138 7.1454079947646116 0.91835350000000016 0.56156695000000012 0.98473800000000011
decision_type=10 2 2 2 8 2
left_child=2 -2 4 -4 -1 -3
right_child=1 5 3 -5 -6 -7
leaf_value=-0.015074531218982052 0.048503292227472176 0.015420080985667045 -0.011293108854340249 0.0076392841751950161 0.0030829766114357925 -0.053127086844708619
leaf_weight=26.204306368017569 7.5340151647105795 2.4182751765474682 105.35274258387653 46.868813983048312 464.65523803519318 1.4154155552387235
leaf_count=334 26 18 2725 332 5434 7
internal_value=0.000806251 0.0273546 0.000295215 -0.00545204 0.00208497 -0.0156431
internal_weight=654.449 11.3677 643.081 152.222 490.86 3.83369
internal_count=8876 51 8825 3057 5768 25
is_linear=0
shrinkage=0.05


Tree=185
num_leaves=7
num_cat=0
split_feature=24 0 4 5 0 27
split_gain=2.5036 7.70689 10.0118 7.16516 3.58587 5.67054
threshold=1.5000000000000002 0.99030050000000014 449.73150336000009 0.87447425326862727 0.99980650000000015 0.084773445732349864
decision_type=2 2 2 2 2 2
left_child=1 3 -3 -1 -2 -6
right_child=4 2 -4 -5 5 -7
leaf_value=-0.0098258966218058401 0.0057380817696192996 -0.035704625853344857 0.015628132616921808 0.013047885442779756 -0.032578170344908793 0.012512721435200769
leaf_weight=236.41372297379712 256.13631952862488 9.7399270250461978 84.075547830434516 39.117003995343111 15.059148228727283 11.584529277402906
leaf_count=4872 2465 101 674 521 134 89
internal_value=0.000377422 -0.00233094 0.0099784 -0.00654307 0.00391063 -0.0132295
internal_weight=652.126 369.346 93.8155 275.531 282.78 26.6437
internal_count=8856 6168 775 5393 2688 223
is_linear=0
shrinkage=0.05


Tree=186
num_leaves=7
num_cat=0
split_feature=18 27 1 8 5 1
split_gain=4.75729 3.83269 3.66214 5.91088 3.68171 2.26875
threshold=1.0000000180025095e-35 0.12980295566502467 21.958036500000002 180.00000000000003 0.27804643441453863 11.478552500000001
decision_type=2 2 8 8 2 8
left_child=2 5 4 -4 -1 -2
right_child=1 -3 3 -5 -6 -7
leaf_value=-0.015244814458822488 0.0029365040548545002 -0.030144040461149504 -0.065857813870221257 -0.0070413747363168968 0.0016369059212105589 0.021077709349897417
leaf_weight=34.099095903919078 28.633292817045003 4.3333591858972786 3.4294651702512056 139.79584493992297 403.52567067567725 43.732480956357904
leaf_count=959 245 144 60 2259 4819 448
internal_value=-0.000435673 0.0111855 -0.0019868 -0.00889657 0.000289749 0.0140376
internal_weight=657.549 76.6991 580.85 143.225 437.625 72.3658
internal_count=8934 837 8097 2319 5778 693
is_linear=0
shrinkage=0.05


Tree=187
num_leaves=7
num_cat=0
split_feature=20 1 5 1 13 5
split_gain=3.00724 6.30249 4.65636 3.52621 3.37107 5.16134
threshold=0.39846223428312982 8.9289340000000017 0.85433239678445283 4.6311491000000009 0.94000000000000006 0.55965051402633559
decision_type=2 8 2 10 2 2
left_child=4 3 -3 -2 -1 -6
right_child=1 2 -4 -5 5 -7
leaf_value=0.0004066754456821366 0.0046448286681044877 -0.017444790473891043 0.039237151306310031 -0.075063768528881455 -0.0023226962975420018 0.027461742096100524
leaf_weight=579.81273333201534 1.7059532701969171 9.7969377809204143 4.4551234543323508 4.5057516982778907 27.955565315962303 28.99972128868103
leaf_count=7979 26 70 16 50 474 258
internal_value=0.000938532 -0.0174723 0.00168457 -0.0555644 0.00155667 0.0130547
internal_weight=657.232 20.4638 14.2521 6.2117 636.768 56.9553
internal_count=8873 162 86 76 8711 732
is_linear=0
shrinkage=0.05


Tree=188
num_leaves=7
num_cat=0
split_feature=1 1 4 1 12 1
split_gain=4.59872 2.87181 5.84569 5.06387 2.15822 1.06238
threshold=32.410945000000005 11.713729500000001 93.835623950000013 10.937055000000003 1.0000000180025095e-35 38.608918500000009
decision_type=10 10 2 10 10 8
left_child=1 3 -3 -1 -2 -6
right_child=4 2 -4 -5 5 -7
leaf_value=-0.002202563921316607 -0.014360829613988628 -0.042743039064227051 0.0040405586614214502 -0.040003694603042872 0.053405120360235314 0.0086746177351451886
leaf_weight=240.01993007840065 1.4580171741545171 5.7985667400062075 388.40684528613929 8.2074578080791962 5.8053351966664186 2.1996493153274068
leaf_count=4370 10 37 4209 220 26 13
internal_value=0.0011327 0.000596233 0.00324598 -0.00360793 0.0340147 0.0434421
internal_weight=651.896 642.433 394.205 248.227 9.463 8.00498
internal_count=8885 8836 4246 4590 49 39
is_linear=0
shrinkage=0.05


Tree=189
num_leaves=7
num_cat=0
split_feature=18 2 23 2 8 0
split_gain=2.99552 5.36123 3.98728 5.50009 3.41809 2.57292
threshold=1.0000000180025095e-35 0.31622600000000006 1.0000000180025095e-35 0.93855200000000016 201.50000000000003 0.50419550000000013
decision_type=2 2 2 2 8 2
left_child=1 5 3 -2 -3 -1
right_child=2 4 -4 -5 -6 -7
leaf_value=-0.05389745695741846 0.034390357755189553 0.010518497780685527 0.0015450046359826979 -0.057956726291448796 -0.0027178709065391747 0.00018680595342142326
leaf_weight=6.3007337023445853 18.242769707227129 52.948570571024902 55.72507885080995 0.86131792701780696 508.77759845381661 3.1369728686404414
leaf_count=627 171 450 637 13 6746 200
internal_value=-0.000879823 -0.00211612 0.00846021 0.0275511 -0.00145373 -0.0376249
internal_weight=645.993 571.164 74.8292 19.1041 561.726 9.43771
internal_count=8844 8023 821 184 7196 827
is_linear=0
shrinkage=0.05


Tree=190
num_leaves=7
num_cat=0
split_feature=18 23 21 28 28 21
split_gain=2.09616 2.70009 3.06549 2.45156 2.5531 0.0362386
threshold=1.0000000180025095e-35 9.5000000000000018 0.74482050000000011 0.83708705000000017 0.70817300000000005 0.40192300000000009
decision_type=2 2 2 10 10 2
left_child=1 2 -1 4 -2 -5
right_child=3 -3 -4 5 -6 -7
leaf_value=-0.0006480082046553988 0.01066743122003184 -0.049149823425596102 0.010352842568209182 0.050004648521380701 -0.014614589983733238 0.02043215457433812
leaf_weight=509.4553483392192 60.226476836192887 1.7272368492558587 71.301363388774917 2.2753313295543185 11.028143645264207 2.5631876699626446
leaf_count=7599 731 33 440 6 94 7
internal_value=0.00151253 0.000486221 0.000718076 0.00926059 0.0066064 0.0405215
internal_weight=658.577 582.484 580.757 76.0931 71.2546 4.83852
internal_count=8910 8072 8039 838 825 13
is_linear=0
shrinkage=0.05


Tree=191
num_leaves=7
num_cat=0
split_feature=1 1 1 28 1 23
split_gain=4.05545 5.23419 3.94204 2.99816 2.58977 8.13281
threshold=7.418904050000001 7.6130656500000011 9.0304610000000007 0.57721735000000007 4.9218672500000009 5.5000000000000009
decision_type=10 10 10 10 10 2
left_child=4 3 -3 -2 -1 -6
right_child=1 2 -4 -5 5 -7
leaf_value=-0.0036668965427068077 0.042332146865015838 -0.015842441883001709 0.0017869683672260006 -0.020616765419788848 -0.009889942697832995 -0.077292785031604333
leaf_weight=76.746220593307953 10.351780192460863 32.863810849521542 497.73475095274625 1.6424344656988967 31.545380423543975 4.3027831856161347
leaf_count=1955 57 636 5630 22 582 49
internal_value=-0.000359686 0.00143638 0.000667304 0.032789 -0.00895138 -0.0198582
internal_weight=655.187 542.593 530.599 11.9942 112.594 35.8482
internal_count=8931 6345 6266 79 2586 631
is_linear=0
shrinkage=0.05


Tree=192
num_leaves=7
num_cat=0
split_feature=8 2 22 28 18 4
split_gain=3.15288 5.03396 3.41478 10.1888 4.16406 3.33882
threshold=170.50000000000003 0.77042200000000005 2.5000000000000004 0.80307362500000001 1.0000000180025095e-35 551.12272628500011
decision_type=8 2 2 10 2 2
left_child=1 5 4 -4 -2 -1
right_child=2 -3 3 -5 -6 -7
leaf_value=0.022526069523313198 -0.0011238068185832201 0.034251753219318386 -0.0061591930926343554 -0.083553110974005626 0.013731703503388022 -0.031036002599814639
leaf_weight=3.9630586015991884 462.53454916405099 14.78366149868816 101.28381122706924 3.4531754385679951 51.516927510034293 6.2233467088080943
leaf_count=32 7108 70 848 24 618 162
internal_value=-0.000579452 0.0164895 -0.00129373 -0.00947693 0.000388745 -0.0100466
internal_weight=643.759 24.9701 618.788 104.737 514.051 10.1864
internal_count=8862 264 8598 872 7726 194
is_linear=0
shrinkage=0.05


Tree=193
num_leaves=7
num_cat=0
split_feature=0 1 21 8 0 5
split_gain=2.6026 4.90133 3.85544 7.04504 3.98595 3.37768
threshold=0.76110900000000015 9.5539095000000014 0.26266050000000007 437.50000000000006 0.74819300000000011 0.8594264030935036
decision_type=2 8 2 8 2 2
left_child=2 -2 3 -1 -4 -3
right_child=1 5 4 -5 -6 -7
leaf_value=0.012648211622788216 -0.052328843112812717 0.0055908731294625827 0.0032658729123453455 -0.012527550428705883 -0.061385891570577569 -0.021958417804029556
leaf_weight=33.414928146870807 2.8498514965176573 275.8400019450346 185.13217495300341 145.91760773188798 1.4164234027266491 10.620646246243266
leaf_count=636 51 2571 1728 3822 9 80
internal_value=0.000221684 0.00375856 -0.00257762 -0.00779244 0.0024503 0.00449664
internal_weight=655.192 289.31 365.881 179.333 186.549 286.461
internal_count=8897 2702 6195 4458 1737 2651
is_linear=0
shrinkage=0.05


Tree=194
num_leaves=7
num_cat=0
split_feature=24 1 4 1 28 28
split_gain=2.19827 5.87688 7.8228 4.28456 2.74279 7.20616
threshold=1.5000000000000002 13.756785500000001 203.40142711500002 21.171678500000002 0.73669930000000006 0.76246947000000009
decision_type=2 8 2 8 10 10
left_child=1 2 -1 -3 -2 -6
right_child=4 3 -4 -5 5 -7
leaf_value=0.012536350497851321 0.0059996130925289897 0.0077242338545769028 -0.018533750843536305 -0.0052758809832289507 -0.051723225082104529 0.001166187587006057
leaf_weight=25.464012476382777 234.29473201272776 145.72086572437547 87.931869633146562 110.66157187552744 6.6124636188615105 41.56046608381439
leaf_count=300 2340 1664 2373 1812 74 327
internal_value=0.000452025 -0.00208288 -0.0115081 0.00211434 0.00376611 -0.00699791
internal_weight=652.246 369.778 113.396 256.382 282.468 48.1729
internal_count=8890 6149 2673 3476 2741 401
is_linear=0
shrinkage=0.05


Tree=195
num_leaves=7
num_cat=0
split_feature=6 21 2 21 5 9
split_gain=3.79584 3.45989 4.99032 4.5105 2.58325 2.50274
threshold=7.1454079947646116 0.73861250000000001 0.91835350000000016 0.96275850000000007 0.43073728541554529 805.00000000000011
decision_type=2 2 2 2 2 10
left_child=4 2 -2 -3 -1 -6
right_child=1 3 -4 -5 5 -7
leaf_value=0.037222301816998739 -0.016535872034538431 0.034446166175443681 0.0039945316443932184 -0.0039014458575123302 0.0026596761280130964 0.043334379758084747
leaf_weight=4.5820877365767947 81.630143161612068 10.384884272469206 45.604867162997834 22.963438746053725 483.12425557697134 2.8171055149286977
leaf_count=15 2548 66 320 172 5781 9
internal_value=0.00119502 -0.00545553 -0.00920339 0.00869543 0.00337889 0.00298398
internal_weight=651.107 160.583 127.235 33.3483 490.523 485.941
internal_count=8911 3106 2868 238 5805 5790
is_linear=0
shrinkage=0.05


Tree=196
num_leaves=7
num_cat=0
split_feature=4 8 0 3 13 4
split_gain=4.2901 3.80101 6.01353 3.68267 3.32628 5.26271
threshold=490.47880779500002 84.500000000000014 0.79136700000000004 2.5000000000000004 0.46200000000000002 337.64764085000007
decision_type=2 10 2 2 2 2
left_child=4 2 -2 -3 5 -1
right_child=1 3 -4 -5 -6 -7
leaf_value=0.0039326799418038421 -0.012645466369523455 -0.0073439352204114922 0.00052928312564881781 0.015925682364864125 0.0073586154044953155 -0.044667768590946864
leaf_weight=16.663451765663925 155.85932473640787 26.429611817933619 193.23614450253081 44.400710555259138 203.75572125180042 7.2618440152145913
leaf_count=172 3518 624 1941 335 2149 125
internal_value=-0.000234367 -0.00322897 -0.00537212 0.0072615 0.00527873 -0.0120189
internal_weight=647.607 419.926 349.095 70.8303 227.681 23.9253
internal_count=8864 6418 5459 959 2446 297
is_linear=0
shrinkage=0.05


Tree=197
num_leaves=7
num_cat=0
split_feature=4 12 1 2 8 4
split_gain=2.43834 3.99033 5.94926 3.54111 6.03896 5.81923
threshold=882.30720859500013 inf 28.939672000000005 0.37845200000000007 197.50000000000003 417.52840498500007
decision_type=2 8 8 2 10 2
left_child=3 -2 -3 5 -5 -1
right_child=1 2 -4 4 -6 -7
leaf_value=-0.043299645832120592 -0.00017923545940386741 -0.019778912313293612 0.01609414557504836 0.002385091231831019 -0.028250697006780224 0.029365007388334471
leaf_weight=2.2573390757897895 191.08535458116967 64.588717015984003 13.237942743846359 324.38212336273864 15.92333714943379 20.771782395546325
leaf_count=261 3260 1148 219 3347 194 444
internal_value=-0.000483694 -0.00408487 -0.0135503 0.00218551 0.00087303 0.0207368
internal_weight=632.247 268.912 77.8267 363.335 340.305 23.0291
internal_count=8873 4627 1367 4246 3541 705
is_linear=0
shrinkage=0.05


Tree=198
num_leaves=7
num_cat=0
split_feature=2 10 2 28 0 5
split_gain=2.22645 8.32224 6.01366 5.10021 3.84796 3.68418
threshold=0.59401150000000003 17.500000000000004 0.60386450000000014 0.71491630000000017 0.76110900000000015 0.96931339898360547
decision_type=2 2 2 10 2 2
left_child=1 -1 5 -3 -4 -2
right_child=2 3 4 -5 -6 -7
leaf_value=-0.025709419877538539 -0.058002202535822306 0.0092815131118761211 -0.0068443373163557704 -0.042649641378612602 0.0024591298610295992 0.031761127293479526
leaf_weight=19.91877284043585 6.1383610700722775 159.28293259261409 200.94518965680618 3.895389591521961 246.3515791753307 0.70308673568069924
leaf_count=1501 102 2676 2244 263 2079 3
internal_value=-0.000615428 0.00402544 -0.00249124 0.00778959 -0.00172634 -0.0459033
internal_weight=637.235 183.097 454.138 163.178 447.297 6.84145
internal_count=8868 4440 4428 2939 4323 105
is_linear=0
shrinkage=0.05


Tree=199
num_leaves=7
num_cat=0
split_feature=8 1 8 28 8 0
split_gain=3.27014 5.37484 3.94619 3.56202 3.10877 2.83645
threshold=170.50000000000003 13.044968500000001 82.500000000000014 0.70044592500000002 172.50000000000003 0.35840750000000005
decision_type=8 8 10 10 8 2
left_child=1 3 -3 -1 5 -2
right_child=4 2 -4 -5 -6 -7
leaf_value=-0.029723599609353286 0.0065269803829958398 -0.033078143122866326 0.041406371115895645 0.029407688975419035 -0.0010854475605376653 -0.068916294588983115
leaf_weight=7.0606922525912541 1.7762550964835102 1.2607156825251866 14.494365955673855 2.8012220403179526 614.45153778877284 2.2097860793583095
leaf_count=109 12 27 122 15 8560 17
internal_value=-0.000669941 0.0164924 0.0338277 -0.0117666 -0.00140632 -0.0407309
internal_weight=644.055 25.617 15.7551 9.86191 618.438 3.98604
internal_count=8862 273 149 124 8589 29
is_linear=0
shrinkage=0.05


end of trees

feature_importances:
bm25_score=148
text_score=134
distance_meters=131
recency_score=128
fusion_score_norm=126
vector_score=98
closes_in_minutes=77
popularity_score=56
spatial_decay=49
pop_w24h=35
category_affinity=31
trending_score=26
log_distance=25
context_score=25
hour_of_day=22
pop_w1h=21
category_time_match=19
n_channels=18
pop_w15=16
is_open=3
rating=2
opens_in_minutes=1
has_rating=1
review_count=1

parameters:
[boosting: gbdt]
[objective: lambdarank]
[metric: ndcg]
[tree_learner: serial]
[device_type: cpu]
[data_sample_strategy: bagging]
[data: ]
[valid: ]
[num_iterations: 200]
[learning_rate: 0.05]
[num_leaves: 7]
[num_threads: 0]
[seed: 0]
[deterministic: 0]
[force_col_wise: 0]
[force_row_wise: 0]
[histogram_pool_size: -1]
[max_depth: 3]
[min_data_in_leaf: 5]
[min_sum_hessian_in_leaf: 0.001]
[bagging_fraction: 0.9]
[pos_bagging_fraction: 1]
[neg_bagging_fraction: 1]
[bagging_freq: 1]
[bagging_seed: 3]
[bagging_by_query: 0]
[feature_fraction: 0.8]
[feature_fraction_bynode: 1]
[feature_fraction_seed: 2]
[extra_trees: 0]
[extra_seed: 6]
[early_stopping_round: 0]
[early_stopping_min_delta: 0]
[first_metric_only: 0]
[max_delta_step: 0]
[lambda_l1: 0]
[lambda_l2: 1]
[linear_lambda: 0]
[min_gain_to_split: 0]
[drop_rate: 0.1]
[max_drop: 50]
[skip_drop: 0.5]
[xgboost_dart_mode: 0]
[uniform_drop: 0]
[drop_seed: 4]
[top_rate: 0.2]
[other_rate: 0.1]
[min_data_per_group: 100]
[max_cat_threshold: 32]
[cat_l2: 10]
[cat_smooth: 10]
[max_cat_to_onehot: 4]
[top_k: 20]
[monotone_constraints: ]
[monotone_constraints_method: basic]
[monotone_penalty: 0]
[feature_contri: ]
[forcedsplits_filename: ]
[refit_decay_rate: 0.9]
[cegb_tradeoff: 1]
[cegb_penalty_split: 0]
[cegb_penalty_feature_lazy: ]
[cegb_penalty_feature_coupled: ]
[path_smooth: 0]
[interaction_constraints: ]
[verbosity: -1]
[saved_feature_importance_type: 0]
[use_quantized_grad: 0]
[num_grad_quant_bins: 4]
[quant_train_renew_leaf: 0]
[stochastic_rounding: 1]
[linear_tree: 0]
[max_bin: 255]
[max_bin_by_feature: ]
[min_data_in_bin: 3]
[bin_construct_sample_cnt: 200000]
[data_random_seed: 1]
[is_enable_sparse: 1]
[enable_bundle: 1]
[use_missing: 1]
[zero_as_missing: 0]
[feature_pre_filter: 1]
[pre_partition: 0]
[two_round: 0]
[header: 0]
[label_column: ]
[weight_column: ]
[group_column: ]
[ignore_column: ]
[categorical_feature: ]
[forcedbins_filename: ]
[precise_float_parser: 0]
[parser_config_file: ]
[objective_seed: 5]
[num_class: 1]
[is_unbalance: 0]
[scale_pos_weight: 1]
[sigmoid: 1]
[boost_from_average: 1]
[reg_sqrt: 0]
[alpha: 0.9]
[fair_c: 1]
[poisson_max_delta_step: 0.7]
[tweedie_variance_power: 1.5]
[lambdarank_truncation_level: 30]
[lambdarank_norm: 1]
[label_gain: 0,1,3,7]
[lambdarank_position_bias_regularization: 0]
[eval_at: 10]
[multi_error_top_k: 1]
[auc_mu_weights: ]
[num_machines: 1]
[local_listen_port: 12400]
[time_out: 120]
[machine_list_filename: ]
[machines: ]
[gpu_platform_id: -1]
[gpu_device_id: -1]
[gpu_device_id_list: ]
[gpu_use_dp: 0]
[num_gpu: 1]

end of parameters

pandas_categorical:null
